limit_saver,protect_business,avg_revenue,load_factor,avg_spoilage,avg_denied_business,avg_denied_flex
60,0,35074.166666666664,0.7600187037037037,43.19663333333333,0.021966666666666666,0.00016666666666666666
60,2,35074.19066666667,0.7600187037037037,43.19663333333333,0.0219,0.00023333333333333333
60,4,35074.21466666667,0.7600187037037037,43.19663333333333,0.021833333333333333,0.0003
60,6,35074.26266666667,0.7600187037037037,43.19663333333333,0.0217,0.0004333333333333333
60,8,35074.33466666667,0.7600187037037037,43.19663333333333,0.0215,0.0006333333333333333
60,10,35074.454666666665,0.7600187037037037,43.19663333333333,0.021166666666666667,0.0009666666666666667
60,12,35074.58666666667,0.7600187037037037,43.19663333333333,0.0208,0.0013333333333333333
60,14,35074.758,0.7600185185185185,43.196666666666665,0.0203,0.0018666666666666666
60,16,35074.96866666667,0.7600181481481482,43.196733333333334,0.019666666666666666,0.0025666666666666667
60,18,35075.146,0.7600162962962963,43.197066666666665,0.018933333333333333,0.0036333333333333335
60,20,35075.28333333333,0.7600133333333333,43.1976,0.018166666666666668,0.004933333333333333
60,22,35075.314666666665,0.7600075925925925,43.19863333333333,0.017333333333333333,0.0068
60,24,35075.36,0.7599990740740741,43.20016666666667,0.0161,0.009566666666666666
60,26,35075.11,0.759982962962963,43.203066666666665,0.0147,0.013866666666666666
60,28,35074.52066666666,0.7599570370370371,43.20773333333333,0.012966666666666666,0.020266666666666665
60,30,35073.28533333333,0.7599149999999999,43.2153,0.010933333333333333,0.029866666666666666
60,32,35070.70733333333,0.7598455555555556,43.2278,0.009066666666666667,0.04423333333333333
60,34,35066.151333333335,0.7597366666666667,43.2474,0.007566666666666667,0.06533333333333333
60,36,35059.08866666667,0.7595737037037037,43.27673333333333,0.006,0.09623333333333334
60,38,35048.278666666665,0.7593309259259259,43.320433333333334,0.0044666666666666665,0.14146666666666666
60,40,35032.367333333335,0.7589822222222223,43.3832,0.0033333333333333335,0.20536666666666667
62,0,35308.206,0.7710711111111112,41.2072,0.03133333333333333,0.00023333333333333333
62,2,35308.23,0.7710711111111112,41.2072,0.031266666666666665,0.0003
62,4,35308.278,0.7710711111111112,41.2072,0.031133333333333332,0.0004333333333333333
62,6,35308.35,0.7710711111111112,41.2072,0.030933333333333334,0.0006333333333333333
62,8,35308.47,0.7710711111111112,41.2072,0.0306,0.0009666666666666667
62,10,35308.602,0.7710711111111112,41.2072,0.030233333333333334,0.0013333333333333333
62,12,35308.77333333333,0.771070925925926,41.207233333333335,0.029733333333333334,0.0018666666666666666
62,14,35308.984,0.7710705555555555,41.2073,0.0291,0.0025666666666666667
62,16,35309.28533333333,0.7710698148148147,41.207433333333334,0.028166666666666666,0.0036333333333333335
62,18,35309.464,0.7710672222222222,41.2079,0.027333333333333334,0.004933333333333333
62,20,35309.578,0.7710622222222222,41.2088,0.026366666666666667,0.0068
62,22,35309.706,0.7710544444444445,41.2102,0.025,0.009566666666666666
62,24,35309.72466666667,0.7710407407407407,41.212666666666664,0.023166666666666665,0.013866666666666666
62,26,35309.36266666667,0.7710168518518518,41.216966666666664,0.021066666666666668,0.020266666666666665
62,28,35308.437333333335,0.7709775925925927,41.22403333333333,0.018533333333333332,0.029866666666666666
62,30,35306.314,0.7709122222222221,41.2358,0.015933333333333334,0.04423333333333333
62,32,35302.75,0.7708122222222221,41.2538,0.012833333333333334,0.06533333333333333
62,34,35296.452,0.7706561111111111,41.2819,0.010033333333333333,0.09623333333333334
62,36,35286.096666666665,0.7704174074074074,41.324866666666665,0.0077666666666666665,0.14146666666666666
62,38,35270.764,0.770073888888889,41.3867,0.0057,0.20536666666666667
62,40,35249.366,0.7696033333333334,41.4714,0.003966666666666667,0.2918
64,0,35540.077333333335,0.7821018518518519,39.221666666666664,0.0441,0.0003
64,2,35540.12533333333,0.7821018518518519,39.221666666666664,0.04396666666666667,0.0004333333333333333
64,4,35540.19733333333,0.7821018518518519,39.221666666666664,0.04376666666666667,0.0006333333333333333
64,6,35540.31733333333,0.7821018518518519,39.221666666666664,0.04343333333333333,0.0009666666666666667
64,8,35540.44933333333,0.7821018518518519,39.221666666666664,0.04306666666666667,0.0013333333333333333
64,10,35540.62066666667,0.7821016666666667,39.2217,0.04256666666666667,0.0018666666666666666
64,12,35540.831333333335,0.7821012962962963,39.22176666666667,0.041933333333333336,0.0025666666666666667
64,14,35541.153333333335,0.7821007407407408,39.22186666666666,0.040966666666666665,0.0036333333333333335
64,16,35541.456,0.7820992592592592,39.22213333333333,0.039933333333333335,0.004933333333333333
64,18,35541.67333333333,0.7820951851851852,39.22286666666667,0.0388,0.0068
64,20,35541.92533333333,0.7820885185185186,39.224066666666666,0.037233333333333334,0.009566666666666666
64,22,35542.109333333334,0.7820762962962963,39.22626666666667,0.035133333333333336,0.013866666666666666
64,24,35542.14,0.782055925925926,39.229933333333335,0.0324,0.020266666666666665
64,26,35541.566,0.7820198148148148,39.23643333333333,0.0293,0.029866666666666666
64,28,35539.835333333336,0.7819579629629629,39.247566666666664,0.026066666666666665,0.04423333333333333
64,30,35536.912,0.7818637037037037,39.26453333333333,0.021933333333333332,0.06533333333333333
64,32,35531.978,0.7817198148148148,39.29043333333333,0.016933333333333335,0.09623333333333334
64,34,35522.676666666666,0.7814905555555555,39.3317,0.012966666666666666,0.14146666666666666
64,36,35508.10866666667,0.7811538888888888,39.3923,0.009666666666666667,0.20536666666666667
64,38,35487.434,0.7806898148148148,39.475833333333334,0.0067666666666666665,0.2918
64,40,35459.158,0.7800687037037036,39.587633333333336,0.004566666666666667,0.4058
66,0,35768.80533333333,0.7931009259259258,37.24183333333333,0.061766666666666664,0.0004333333333333333
66,2,35768.87733333333,0.7931009259259258,37.24183333333333,0.061566666666666665,0.0006333333333333333
66,4,35768.99733333333,0.7931009259259258,37.24183333333333,0.061233333333333334,0.0009666666666666667
66,6,35769.12933333333,0.7931009259259258,37.24183333333333,0.060866666666666666,0.0013333333333333333
66,8,35769.30066666667,0.7931007407407408,37.24186666666667,0.060366666666666666,0.0018666666666666666
66,10,35769.511333333336,0.7931003703703704,37.241933333333336,0.05973333333333333,0.0025666666666666667
66,12,35769.854,0.7931,37.242,0.05873333333333333,0.0036333333333333335
66,14,35770.198,0.7930988888888889,37.2422,0.057633333333333335,0.004933333333333333
66,16,35770.60133333333,0.7930964814814814,37.24263333333333,0.0562,0.0068
66,18,35770.977333333336,0.793090925925926,37.243633333333335,0.054433333333333334,0.009566666666666666
66,20,35771.32666666667,0.7930801851851852,37.24556666666667,0.052066666666666664,0.013866666666666666
66,22,35771.708666666666,0.7930629629629629,37.248666666666665,0.048766666666666666,0.020266666666666665
66,24,35771.816666666666,0.793032962962963,37.25406666666667,0.044566666666666664,0.029866666666666666
66,26,35770.685333333335,0.7929764814814816,37.26423333333334,0.04036666666666667,0.04423333333333333
66,28,35768.42333333333,0.7928881481481481,37.28013333333333,0.035166666666666666,0.06533333333333333
66,30,35764.378,0.7927522222222223,37.3046,0.028733333333333333,0.09623333333333334
66,32,35756.99866666667,0.7925401851851851,37.34276666666667,0.021666666666666667,0.14146666666666666
66,34,35743.81533333333,0.792215925925926,37.401133333333334,0.016133333333333333,0.20536666666666667
66,36,35724.174,0.7917611111111111,37.483,0.011566666666666666,0.2918
66,38,35696.72466666667,0.7911474074074074,37.593466666666664,0.008033333333333333,0.4058
66,40,35659.079333333335,0.7903214814814815,37.742133333333335,0.005233333333333334,0.5572666666666667
68,0,35992.88133333333,0.8040548148148149,35.270133333333334,0.08676666666666667,0.0006333333333333333
68,2,35993.00133333333,0.8040548148148149,35.270133333333334,0.08643333333333333,0.0009666666666666667
68,4,35993.13333333333,0.8040548148148149,35.270133333333334,0.08606666666666667,0.0013333333333333333
68,6,35993.30466666666,0.8040546296296297,35.27016666666667,0.08556666666666667,0.0018666666666666666
68,8,35993.51533333334,0.8040542592592593,35.27023333333333,0.08493333333333333,0.0025666666666666667
68,10,35993.858,0.804053888888889,35.2703,0.08393333333333333,0.0036333333333333335
68,12,35994.24333333333,0.8040531481481482,35.27043333333334,0.08276666666666667,0.004933333333333333
68,14,35994.708666666666,0.8040512962962962,35.27076666666667,0.08123333333333334,0.0068
68,16,35995.291333333334,0.8040475925925926,35.271433333333334,0.07913333333333333,0.009566666666666666
68,18,35995.888666666666,0.8040390740740742,35.27296666666667,0.07636666666666667,0.013866666666666666
68,20,35996.477333333336,0.8040237037037037,35.275733333333335,0.07273333333333333,0.020266666666666665
68,22,35997.14333333333,0.8039987037037036,35.280233333333335,0.06763333333333334,0.029866666666666666
68,24,35997.14866666667,0.8039524074074074,35.28856666666667,0.0616,0.04423333333333333
68,26,35995.878666666664,0.803872962962963,35.30286666666667,0.0548,0.06533333333333333
68,28,35992.88733333333,0.8037464814814814,35.325633333333336,0.04666666666666667,0.09623333333333334
68,30,35986.996,0.8035477777777777,35.3614,0.0372,0.14146666666666666
68,32,35976.396,0.8032466666666666,35.4156,0.0275,0.20536666666666667
68,34,35958.44933333333,0.802807037037037,35.494733333333336,0.0202,0.2918
68,36,35932.405333333336,0.8022059259259259,35.60293333333333,0.0144,0.4058
68,38,35895.97933333334,0.801390925925926,35.749633333333335,0.009633333333333334,0.5572666666666667
68,40,35847.13533333333,0.8003198148148148,35.942433333333334,0.006066666666666666,0.7536333333333334
70,0,36210.424,0.8149462962962963,33.309666666666665,0.1221,0.0009666666666666667
70,2,36210.556,0.8149462962962963,33.309666666666665,0.12173333333333333,0.0013333333333333333
70,4,36210.748,0.8149462962962963,33.309666666666665,0.1212,0.0018666666666666666
70,6,36210.958666666666,0.814945925925926,33.309733333333334,0.12056666666666667,0.0025666666666666667
70,8,36211.30133333334,0.8149455555555556,33.3098,0.11956666666666667,0.0036333333333333335
70,10,36211.70733333333,0.814945,33.3099,0.11836666666666666,0.004933333333333333
70,12,36212.255333333334,0.8149438888888889,33.3101,0.1167,0.0068
70,14,36212.962,0.8149412962962963,33.310566666666666,0.1144,0.009566666666666666
70,16,36213.848666666665,0.8149353703703703,33.31163333333333,0.11116666666666666,0.013866666666666666
70,18,36214.80933333333,0.8149233333333334,33.3138,0.10693333333333334,0.020266666666666665
70,20,36215.90933333334,0.8149022222222222,33.3176,0.10113333333333334,0.029866666666666666
70,22,36216.92733333333,0.8148650000000001,33.3243,0.09346666666666667,0.04423333333333333
70,24,36217.104,0.8147985185185186,33.33626666666667,0.08433333333333333,0.06533333333333333
70,26,36215.600666666665,0.8146853703703705,33.356633333333335,0.0738,0.09623333333333334
70,28,36211.424666666666,0.814502037037037,33.389633333333336,0.061566666666666665,0.14146666666666666
70,30,36203.242666666665,0.8142225925925927,33.439933333333336,0.047966666666666664,0.20536666666666667
70,32,36188.49933333333,0.8138116666666666,33.5139,0.0355,0.2918
70,34,36164.708,0.8132307407407406,33.61846666666667,0.026066666666666665,0.4058
70,36,36130.100666666665,0.812432037037037,33.762233333333334,0.018366666666666667,0.5572666666666667
70,38,36082.88933333333,0.8113755555555555,33.9524,0.012166666666666666,0.7536333333333334
70,40,36021.039333333334,0.8100183333333334,34.1967,0.007533333333333334,1.0025666666666666
72,0,36420.083333333336,0.8257631481481482,31.362633333333335,0.16996666666666665,0.0013333333333333333
72,2,36420.27533333333,0.8257631481481482,31.362633333333335,0.16943333333333332,0.0018666666666666666
72,4,36420.52733333333,0.8257631481481482,31.362633333333335,0.16873333333333335,0.0025666666666666667
72,6,36420.87,0.8257627777777778,31.3627,0.16773333333333335,0.0036333333333333335
72,8,36421.29666666667,0.8257624074074075,31.362766666666666,0.1665,0.004933333333333333
72,10,36421.886,0.8257616666666667,31.3629,0.16476666666666667,0.0068
72,12,36422.73733333333,0.8257603703703703,31.363133333333334,0.16223333333333334,0.009566666666666666
72,14,36423.789333333334,0.825755925925926,31.363933333333332,0.15873333333333334,0.013866666666666666
72,16,36425.204666666665,0.825747962962963,31.365366666666667,0.15376666666666666,0.020266666666666665
72,18,36426.842,0.8257316666666666,31.3683,0.1471,0.029866666666666666
72,20,36428.604,0.8257011111111112,31.3738,0.13823333333333335,0.04423333333333333
72,22,36430.16533333333,0.825647037037037,31.383533333333332,0.12686666666666666,0.06533333333333333
72,24,36430.56333333333,0.8255509259259259,31.400833333333335,0.11326666666666667,0.09623333333333334
72,26,36428.578,0.8253872222222223,31.4303,0.0975,0.14146666666666666
72,28,36423.14466666667,0.8251324074074073,31.476166666666668,0.07946666666666667,0.20536666666666667
72,30,36411.81133333333,0.824752037037037,31.544633333333334,0.0615,0.2918
72,32,36392.05,0.8242072222222223,31.6427,0.045566666666666665,0.4058
72,34,36360.50133333333,0.823435925925926,31.781533333333332,0.032933333333333335,0.5572666666666667
72,36,36315.708,0.822401111111111,31.9678,0.022833333333333334,0.7536333333333334
72,38,36255.82133333333,0.8210614814814815,32.208933333333334,0.015033333333333333,1.0025666666666666
72,40,36178.38733333333,0.819362037037037,32.514833333333335,0.0092,1.3143
74,0,36620.438,0.8364898148148148,29.431833333333334,0.2325,0.0018666666666666666
74,2,36620.69,0.8364898148148148,29.431833333333334,0.2318,0.0025666666666666667
74,4,36621.074,0.8364898148148148,29.431833333333334,0.23073333333333335,0.0036333333333333335
74,6,36621.50066666667,0.8364894444444444,29.4319,0.2295,0.004933333333333333
74,8,36622.11066666667,0.836488888888889,29.432,0.22773333333333334,0.0068
74,10,36623.003333333334,0.836487962962963,29.432166666666667,0.22513333333333332,0.009566666666666666
74,12,36624.344666666664,0.836486111111111,29.4325,0.22116666666666668,0.013866666666666666
74,14,36626.028666666665,0.8364805555555554,29.4335,0.21576666666666666,0.020266666666666665
74,16,36628.286,0.8364698148148149,29.435433333333332,0.2081,0.029866666666666666
74,18,36630.812666666665,0.8364461111111112,29.4397,0.198,0.04423333333333333
74,20,36633.57266666667,0.8364027777777778,29.4475,0.1847,0.06533333333333333
74,22,36635.91333333333,0.836324074074074,29.461666666666666,0.16796666666666665,0.09623333333333334
74,24,36636.511333333336,0.8361835185185186,29.486966666666667,0.14803333333333332,0.14146666666666666
74,26,36634.28133333333,0.8359574074074073,29.527666666666665,0.12483333333333334,0.20536666666666667
74,28,36626.606,0.8356098148148148,29.590233333333334,0.10096666666666666,0.2918
74,30,36611.12266666667,0.8351033333333333,29.6814,0.07813333333333333,0.4058
74,32,36584.823333333334,0.8343790740740741,29.811766666666667,0.05703333333333333,0.5572666666666667
74,34,36543.89466666667,0.8333788888888888,29.9918,0.0407,0.7536333333333334
74,36,36487.21133333333,0.8320679629629629,30.227766666666668,0.027733333333333332,1.0025666666666666
74,38,36412.236666666664,0.8303905555555556,30.5297,0.017933333333333332,1.3143
74,40,36316.116,0.8282792592592594,30.90973333333333,0.010466666666666668,1.7018
76,0,36808.66133333333,0.8471003703703704,27.521933333333333,0.3142333333333333,0.0025666666666666667
76,2,36809.045333333335,0.8471003703703704,27.521933333333333,0.31316666666666665,0.0036333333333333335
76,4,36809.513333333336,0.8471003703703704,27.521933333333333,0.3118666666666667,0.004933333333333333
76,6,36810.144,0.8471000000000001,27.522,0.31006666666666666,0.0068
76,8,36811.078,0.8470994444444445,27.5221,0.3074,0.009566666666666666
76,10,36812.502,0.8470983333333333,27.5223,0.3033,0.013866666666666666
76,12,36814.496,0.8470955555555556,27.5228,0.2974,0.020266666666666665
76,14,36817.104666666666,0.847087962962963,27.524166666666666,0.2891666666666667,0.029866666666666666
76,16,36820.437333333335,0.8470714814814815,27.52713333333333,0.27776666666666666,0.04423333333333333
76,18,36824.334,0.8470383333333333,27.5331,0.26263333333333333,0.06533333333333333
76,20,36828.452,0.8469755555555556,27.5444,0.24303333333333332,0.09623333333333334
76,22,36831.922666666665,0.8468607407407407,27.565066666666667,0.21846666666666667,0.14146666666666666
76,24,36833.371333333336,0.8466675925925926,27.599833333333333,0.18933333333333333,0.20536666666666667
76,26,36830.11866666667,0.8463596296296296,27.655266666666666,0.15833333333333333,0.2918
76,28,36819.59533333333,0.8458975925925926,27.738433333333333,0.1275,0.4058
76,30,36799.0,0.8452244444444444,27.8596,0.0972,0.5572666666666667
76,32,36764.726,0.844283888888889,28.0289,0.07013333333333334,0.7536333333333334
76,34,36712.651333333335,0.8430142592592593,28.257433333333335,0.04973333333333333,1.0025666666666666
76,36,36641.81,0.841373888888889,28.5527,0.03326666666666667,1.3143
76,38,36548.89266666667,0.8392912962962963,28.927566666666667,0.020633333333333333,1.7018
76,40,36433.004,0.8367455555555556,29.3858,0.0116,2.1690666666666667
78,0,36982.56933333333,0.8575737037037038,25.636733333333332,0.41856666666666664,0.0036333333333333335
78,2,36983.037333333334,0.8575737037037038,25.636733333333332,0.4172666666666667,0.004933333333333333
78,4,36983.70933333333,0.8575737037037038,25.636733333333332,0.4154,0.0068
78,6,36984.664,0.8575733333333334,25.6368,0.4127,0.009566666666666666
78,8,36986.15,0.8575727777777777,25.6369,0.4085,0.013866666666666666
78,10,36988.22666666667,0.8575707407407407,25.637266666666665,0.40246666666666664,0.020266666666666665
78,12,36991.228,0.8575666666666666,25.638,0.3936,0.029866666666666666
78,14,36995.11866666667,0.8575551851851853,25.640066666666666,0.3813,0.04423333333333333
78,16,37000.09,0.8575316666666667,25.6443,0.36443333333333333,0.06533333333333333
78,18,37006.006,0.8574849999999999,25.6527,0.3419333333333333,0.09623333333333334
78,20,37011.998,0.8573927777777778,25.6693,0.3133,0.14146666666666666
78,22,37017.27,0.8572338888888889,25.6979,0.278,0.20536666666666667
78,24,37018.66733333333,0.8569675925925926,25.745833333333334,0.2395,0.2918
78,26,37014.11666666667,0.8565590740740741,25.819366666666667,0.19903333333333334,0.4058
78,28,37000.34133333333,0.8559470370370371,25.92953333333333,0.15773333333333334,0.5572666666666667
78,30,36973.424666666666,0.8550724074074074,26.086966666666665,0.1188,0.7536333333333334
78,32,36929.63733333333,0.8538770370370371,26.302133333333334,0.08503333333333334,1.0025666666666666
78,34,36864.16933333333,0.8522848148148149,26.588733333333334,0.0599,1.3143
78,36,36776.439333333336,0.8502487037037038,26.955233333333332,0.0389,1.7018
78,38,36664.498,0.8477383333333333,27.4071,0.0235,2.1690666666666667
78,40,36526.566,0.8447105555555555,27.9521,0.013033333333333333,2.7245333333333335
80,0,37138.126,0.8678733333333333,23.7828,0.5520333333333334,0.004933333333333333
80,2,37138.798,0.8678733333333333,23.7828,0.5501666666666667,0.0068
80,4,37139.794,0.8678733333333333,23.7828,0.5474,0.009566666666666666
80,6,37141.30066666667,0.8678729629629629,23.782866666666667,0.5431666666666667,0.013866666666666666
80,8,37143.522,0.8678722222222223,23.783,0.5369,0.020266666666666665
80,10,37146.62666666666,0.867869074074074,23.783566666666665,0.5278666666666667,0.029866666666666666
80,12,37151.11666666667,0.8678629629629628,23.784666666666666,0.5146,0.04423333333333333
80,14,37156.956,0.8678472222222222,23.7875,0.49633333333333335,0.06533333333333333
80,16,37164.50466666667,0.8678151851851853,23.793266666666668,0.4712,0.09623333333333334
80,18,37173.183333333334,0.867747037037037,23.805533333333333,0.4382333333333333,0.14146666666666666
80,20,37182.072,0.8676205555555555,23.8283,0.3971,0.20536666666666667
80,22,37188.96666666667,0.8674035185185185,23.867366666666666,0.34973333333333334,0.2918
80,24,37190.450666666664,0.8670490740740742,23.931166666666666,0.2995333333333333,0.4058
80,26,37184.40466666667,0.8665062962962964,24.028866666666666,0.24576666666666666,0.5572666666666667
80,28,37166.23,0.86571,24.1722,0.19273333333333334,0.7536333333333334
80,30,37131.88733333333,0.8645992592592593,24.372133333333334,0.14373333333333332,1.0025666666666666
80,32,37076.44266666667,0.8630968518518519,24.642566666666667,0.10243333333333333,1.3143
80,34,36995.45,0.8611211111111111,24.9982,0.07056666666666667,1.7018
80,36,36889.626,0.8586655555555556,25.4402,0.0453,2.1690666666666667
80,38,36756.488666666664,0.8556807407407407,25.97746666666667,0.0271,2.7245333333333335
80,40,36593.804,0.8521094444444445,26.6203,0.014733333333333333,3.3797333333333333
82,0,37271.03866666667,0.8779577777777777,21.9676,0.7213333333333334,0.0068
82,2,37272.03466666667,0.8779577777777777,21.9676,0.7185666666666667,0.009566666666666666
82,4,37273.58266666667,0.8779577777777777,21.9676,0.7142666666666667,0.013866666666666666
82,6,37275.84533333333,0.8779574074074074,21.967666666666666,0.7079333333333333,0.020266666666666665
82,8,37279.115333333335,0.8779557407407408,21.967966666666666,0.6986333333333333,0.029866666666666666
82,10,37283.75,0.8779509259259259,21.968833333333333,0.6851333333333334,0.04423333333333333
82,12,37290.333333333336,0.8779418518518519,21.970466666666667,0.6656666666666666,0.06533333333333333
82,14,37299.01866666666,0.87792,21.9744,0.6387,0.09623333333333334
82,16,37310.280666666666,0.8778750000000001,21.9825,0.6015666666666667,0.14146666666666666
82,18,37322.86866666667,0.8777816666666667,21.9993,0.5544666666666667,0.20536666666666667
82,20,37334.806,0.8776098148148148,22.03023333333333,0.49896666666666667,0.2918
82,22,37344.01933333333,0.8773246296296295,22.081566666666667,0.4363,0.4058
82,24,37345.93,0.8768531481481481,22.166433333333334,0.3697,0.5572666666666667
82,26,37337.861333333334,0.8761474074074075,22.293466666666667,0.30036666666666667,0.7536333333333334
82,28,37314.658,0.8751364814814815,22.475433333333335,0.2334,1.0025666666666666
82,30,37270.91066666667,0.8737388888888888,22.727,0.17323333333333332,1.3143
82,32,37202.008,0.8718714814814815,23.063133333333333,0.12186666666666666,1.7018
82,34,37104.554,0.8694909259259259,23.491633333333333,0.0831,2.1690666666666667
82,36,36978.87733333333,0.866572962962963,24.016866666666665,0.052866666666666666,2.7245333333333335
82,38,36821.91733333333,0.863052962962963,24.650466666666667,0.031266666666666665,3.3797333333333333
82,40,36632.08,0.8588881481481481,25.400133333333333,0.017166666666666667,4.1435
84,0,37378.98733333333,0.887802037037037,20.195633333333333,0.9299333333333333,0.009566666666666666
84,2,37380.53533333333,0.887802037037037,20.195633333333333,0.9256333333333333,0.013866666666666666
84,4,37382.83933333333,0.887802037037037,20.195633333333333,0.9192333333333333,0.020266666666666665
84,6,37386.192,0.8878011111111112,20.1958,0.9098,0.029866666666666666
84,8,37390.992,0.8877977777777777,20.1964,0.8960333333333333,0.04423333333333333
84,10,37397.844,0.8877911111111112,20.1976,0.8761333333333333,0.06533333333333333
84,12,37407.52133333333,0.8877781481481483,20.199933333333334,0.8475666666666667,0.09623333333333334
84,14,37420.354,0.8877472222222222,20.2055,0.8079,0.14146666666666666
84,16,37436.24866666667,0.8876835185185185,20.216966666666668,0.7554666666666666,0.20536666666666667
84,18,37452.85666666667,0.8875535185185186,20.240366666666667,0.6924333333333333,0.2918
84,20,37468.828,0.887328888888889,20.2808,0.6188666666666667,0.4058
84,22,37480.65866666667,0.8869462962962962,20.349666666666668,0.5362666666666667,0.5572666666666667
84,24,37482.944,0.8863333333333333,20.46,0.4502333333333333,0.7536333333333334
84,26,37472.905333333336,0.8854403703703704,20.620733333333334,0.3620333333333333,1.0025666666666666
84,28,37443.25266666667,0.8841690740740741,20.849566666666668,0.27913333333333334,1.3143
84,30,37389.00266666667,0.8824329629629629,21.162066666666668,0.20413333333333333,1.7018
84,32,37305.51933333333,0.8801775925925925,21.568033333333332,0.14283333333333334,2.1690666666666667
84,34,37189.866,0.8773494444444444,22.0771,0.09643333333333333,2.7245333333333335
84,36,37041.71,0.8739083333333334,22.6965,0.06063333333333333,3.3797333333333333
84,38,36858.32066666667,0.8698012962962963,23.435766666666666,0.03613333333333334,4.1435
84,40,36642.14466666667,0.8650524074074073,24.290566666666667,0.019266666666666668,5.0151666666666666
86,0,37457.585333333336,0.8973622222222223,18.4748,1.1845333333333334,0.013866666666666666
86,2,37459.88933333333,0.8973622222222223,18.4748,1.1781333333333333,0.020266666666666665
86,4,37463.32466666667,0.8973620370370371,18.474833333333333,1.1685666666666668,0.029866666666666666
86,6,37468.29,0.8973601851851852,18.475166666666667,1.1545333333333334,0.04423333333333333
86,8,37475.369333333336,0.8973555555555556,18.476,1.1342666666666668,0.06533333333333333
86,10,37485.46,0.8973462962962964,18.477666666666668,1.1050333333333333,0.09623333333333334
86,12,37499.65666666667,0.8973275925925926,18.481033333333333,1.0631666666666666,0.14146666666666666
86,14,37517.742,0.8972835185185185,18.488966666666666,1.0072,0.20536666666666667
86,16,37538.814,0.8971935185185185,18.505166666666668,0.9369666666666666,0.2918
86,18,37560.758,0.8970224074074074,18.535966666666667,0.8537666666666667,0.4058
86,20,37581.806,0.8967224074074074,18.589966666666665,0.7563,0.5572666666666667
86,22,37596.698,0.8962224074074073,18.679966666666665,0.6499333333333334,0.7536333333333334
86,24,37599.80333333334,0.8954472222222222,18.8195,0.5405333333333333,1.0025666666666666
86,26,37586.539333333334,0.8943227777777778,19.0219,0.4312,1.3143
86,28,37549.897333333334,0.8927444444444443,19.306,0.3278,1.7018
86,30,37484.12533333333,0.8906477777777777,19.6834,0.23793333333333333,2.1690666666666667
86,32,37384.84,0.8879662962962963,20.166066666666666,0.16513333333333333,2.7245333333333335
86,34,37248.73266666666,0.8846331481481482,20.766033333333333,0.1099,3.3797333333333333
86,36,37075.511333333336,0.8806172222222222,21.4889,0.069,4.1435
86,38,36866.58933333333,0.8759333333333333,22.332,0.040433333333333335,5.0151666666666666
86,40,36621.649333333335,0.870551111111111,23.3008,0.021133333333333334,6.003266666666667
88,0,37504.036,0.9066112962962963,16.809966666666668,1.4894,0.020266666666666665
88,2,37507.471333333335,0.9066111111111111,16.81,1.4798333333333333,0.029866666666666666
88,4,37512.54,0.9066101851851851,16.810166666666667,1.4656333333333333,0.04423333333333333
88,6,37519.888,0.906607962962963,16.810566666666666,1.4449333333333334,0.06533333333333333
88,8,37530.28866666667,0.9066014814814815,16.811733333333333,1.4152,0.09623333333333334
88,10,37545.08466666667,0.9065881481481481,16.814133333333334,1.3723666666666667,0.14146666666666666
88,12,37565.03,0.9065607407407408,16.819066666666668,1.3134,0.20536666666666667
88,14,37589.098666666665,0.9064975925925925,16.830433333333332,1.2383333333333333,0.2918
88,16,37616.726,0.9063774074074074,16.852066666666666,1.1459666666666666,0.4058
88,18,37645.87533333333,0.90615,16.893,1.0354333333333334,0.5572666666666667
88,20,37672.609333333334,0.9057561111111111,16.9639,0.9099666666666667,0.7536333333333334
88,22,37691.359333333334,0.905121111111111,17.0782,0.7753333333333333,1.0025666666666666
88,24,37694.897333333334,0.9041472222222222,17.2535,0.6389,1.3143
88,26,37678.57066666667,0.902750925925926,17.504833333333334,0.5027333333333334,1.7018
88,28,37633.71333333333,0.9008416666666667,17.8485,0.3791333333333333,2.1690666666666667
88,30,37554.97066666667,0.8983442592592592,18.298033333333333,0.2732,2.7245333333333335
88,32,37437.918,0.8951818518518518,18.867266666666666,0.18723333333333333,3.3797333333333333
88,34,37278.75,0.8912918518518519,19.567466666666668,0.12366666666666666,4.1435
88,36,37081.112,0.8867090740740741,20.392366666666668,0.0769,5.0151666666666666
88,38,36844.45933333333,0.8814011111111111,21.3478,0.04423333333333333,6.003266666666667
88,40,36570.394,0.8753796296296296,22.43166666666667,0.022733333333333335,7.108633333333334
90,0,37514.11,0.9155033333333334,15.2094,1.8507,0.029866666666666666
90,2,37519.17866666667,0.9155024074074074,15.209566666666667,1.8365,0.04423333333333333
90,4,37526.65066666667,0.9155012962962963,15.209766666666667,1.8156,0.06533333333333333
90,6,37537.382,0.9154977777777779,15.2104,1.7853333333333334,0.09623333333333334
90,8,37552.57066666667,0.915487962962963,15.212166666666667,1.7418666666666667,0.14146666666666666
90,10,37573.446,0.9154688888888889,15.2156,1.6814,0.20536666666666667
90,12,37600.056666666664,0.9154285185185185,15.222866666666667,1.6022333333333334,0.2918
90,14,37631.652,0.9153438888888888,15.2381,1.5034666666666667,0.4058
90,16,37668.365333333335,0.9151842592592593,15.266833333333333,1.3807333333333334,0.5572666666666667
90,18,37705.43266666667,0.914882962962963,15.321066666666667,1.2386,0.7536333333333334
90,20,37739.104,0.9143816666666666,15.4113,1.0799,1.0025666666666666
90,22,37761.903333333335,0.9135803703703704,15.555533333333333,0.9124,1.3143
90,24,37766.780666666666,0.912374074074074,15.772666666666666,0.7420333333333333,1.7018
90,26,37746.62,0.9106861111111111,16.0765,0.5786,2.1690666666666667
90,28,37692.49133333333,0.9084092592592593,16.486333333333334,0.43296666666666667,2.7245333333333335
90,30,37599.70133333333,0.9054642592592592,17.01643333333333,0.3078666666666667,3.3797333333333333
90,32,37462.35733333333,0.9017698148148148,17.681433333333334,0.2091,4.1435
90,34,37280.96333333333,0.8973325925925926,18.480133333333335,0.13613333333333333,5.0151666666666666
90,36,37056.69,0.8921355555555555,19.4156,0.0835,6.003266666666667
90,38,36791.738666666664,0.8861957407407407,20.484766666666665,0.0473,7.108633333333334
90,40,36489.90466666667,0.8795696296296296,21.677466666666668,0.024333333333333332,8.3243
92,0,37482.848666666665,0.9239801851851851,13.683566666666668,2.2754,0.04423333333333333
92,2,37490.32066666667,0.9239790740740741,13.683766666666667,2.2545,0.06533333333333333
92,4,37501.25866666667,0.9239774074074074,13.684066666666666,2.2239,0.09623333333333334
92,6,37516.902,0.9239716666666666,13.6851,2.1797,0.14146666666666666
92,8,37538.45933333333,0.9239587037037037,13.687433333333333,2.118133333333333,0.20536666666666667
92,10,37566.51666666667,0.9239312962962963,13.692366666666667,2.0366333333333335,0.2918
92,12,37601.336,0.9238755555555554,13.7024,1.9326666666666668,0.4058
92,14,37643.422666666665,0.9237640740740741,13.722466666666667,1.8012666666666666,0.5572666666666667
92,16,37690.658,0.9235538888888889,13.7603,1.6427333333333334,0.7536333333333334
92,18,37737.59733333333,0.9231714814814814,13.829133333333333,1.4626333333333332,1.0025666666666666
92,20,37779.348,0.9225399999999999,13.9428,1.2645666666666666,1.3143
92,22,37807.806,0.921545,14.1219,1.0561666666666667,1.7018
92,24,37813.21,0.920086111111111,14.3845,0.8515,2.1690666666666667
92,26,37788.07666666667,0.918069074074074,14.747566666666666,0.6591,2.7245333333333335
92,28,37724.096,0.9153822222222222,15.2312,0.4875333333333333,3.3797333333333333
92,30,37615.04466666667,0.9119412962962963,15.850566666666667,0.34313333333333335,4.1435
92,32,37458.388666666666,0.9077257407407407,16.609366666666666,0.23026666666666668,5.0151666666666666
92,34,37252.467333333334,0.9026931481481482,17.515233333333335,0.14803333333333332,6.003266666666667
92,36,37001.32133333333,0.8968770370370371,18.562133333333332,0.08956666666666667,7.108633333333334
92,38,36709.304,0.8903388888888889,19.739,0.05076666666666667,8.3243
92,40,36380.76466666667,0.883129074074074,21.036766666666665,0.0261,9.646733333333334
94,0,37405.50133333333,0.931995925925926,12.240733333333333,2.7704666666666666,0.06533333333333333
94,2,37416.46,0.9319944444444443,12.241,2.7398333333333333,0.09623333333333334
94,4,37432.454666666665,0.9319918518518518,12.241466666666666,2.6950666666666665,0.14146666666666666
94,6,37454.57,0.931983888888889,12.2429,2.6326,0.20536666666666667
94,8,37483.681333333334,0.9319659259259259,12.246133333333333,2.5494,0.2918
94,10,37520.60866666667,0.931929074074074,12.252766666666666,2.4420333333333333,0.4058
94,12,37566.84933333333,0.9318548148148148,12.266133333333334,2.303933333333333,0.5572666666666667
94,14,37621.028666666665,0.9317068518518519,12.292766666666667,2.1342,0.7536333333333334
94,16,37680.74,0.9314388888888888,12.341,1.9335,1.0025666666666666
94,18,37739.416666666664,0.9309590740740741,12.427366666666666,1.7081333333333333,1.3143
94,20,37791.26933333333,0.9301737037037037,12.568733333333334,1.462,1.7018
94,22,37825.462,0.9289727777777779,12.7849,1.2109,2.1690666666666667
94,24,37830.75,0.9272283333333334,13.0989,0.9694333333333334,2.7245333333333335
94,26,37800.766,0.924846111111111,13.5277,0.7430333333333333,3.3797333333333333
94,28,37725.46333333333,0.9217075925925926,14.092633333333334,0.5442,4.1435
94,30,37601.564,0.9177855555555556,14.7986,0.3785,5.0151666666666666
94,32,37423.74933333333,0.9130048148148149,15.659133333333333,0.25093333333333334,6.003266666666667
94,34,37193.27,0.9073738888888889,16.6727,0.15913333333333332,7.108633333333334
94,36,36916.298,0.9009705555555556,17.8253,0.09606666666666666,8.3243
94,38,36598.505333333334,0.893857037037037,19.105733333333333,0.054066666666666666,9.646733333333334
94,40,36243.852666666666,0.8860779629629629,20.505966666666666,0.027933333333333334,11.0731
96,0,37279.59533333333,0.9395107407407407,10.888066666666667,3.3382666666666667,0.09623333333333334
96,2,37295.652,0.9395087037037038,10.888433333333333,3.2934,0.14146666666666666
96,4,37318.18066666667,0.9395044444444445,10.8892,3.2302666666666666,0.20536666666666667
96,6,37347.974,0.9394925925925925,10.891333333333334,3.145966666666667,0.2918
96,8,37386.43066666667,0.9394694444444445,10.8955,3.0361333333333334,0.4058
96,10,37435.399333333335,0.9394196296296295,10.904466666666666,2.8936333333333333,0.5572666666666667
96,12,37495.096666666665,0.939321111111111,10.9222,2.715,0.7536333333333334
96,14,37563.69466666667,0.9391327777777778,10.9561,2.4999666666666664,1.0025666666666666
96,16,37638.326,0.938795925925926,11.016733333333333,2.248866666666667,1.3143
96,18,37710.907333333336,0.9381962962962963,11.124666666666666,1.9693,1.7018
96,20,37773.289333333334,0.937247962962963,11.295366666666666,1.6727333333333334,2.1690666666666667
96,22,37812.92533333333,0.9358112962962963,11.553966666666666,1.3758666666666666,2.7245333333333335
96,24,37818.96333333333,0.9337518518518518,11.924666666666667,1.0913666666666666,3.3797333333333333
96,26,37783.91933333333,0.9309740740740741,12.424666666666667,0.8276,4.1435
96,28,37698.97666666667,0.9274011111111111,13.0678,0.5990666666666666,5.0151666666666666
96,30,37558.03133333333,0.9229507407407408,13.868866666666667,0.4120333333333333,6.003266666666667
96,32,37358.717333333334,0.917599074074074,14.832166666666666,0.2699666666666667,7.108633333333334
96,34,37104.396,0.9113987037037038,15.948233333333333,0.17036666666666667,8.3243
96,36,36802.90933333334,0.9044312962962963,17.202366666666666,0.10206666666666667,9.646733333333334
96,38,36459.871333333336,0.8967562962962963,18.583866666666665,0.0572,11.0731
96,40,36081.316666666666,0.8884511111111111,20.0788,0.029066666666666668,12.596166666666667
98,0,37106.11266666667,0.9465153703703705,9.627233333333333,3.9751666666666665,0.14146666666666666
98,2,37128.724,0.9465118518518518,9.627866666666666,3.9119,0.20536666666666667
98,4,37159.075333333334,0.946505,9.6291,3.8267,0.2918
98,6,37198.37933333333,0.9464894444444444,9.6319,3.7155,0.4058
98,8,37249.29066666667,0.9464570370370371,9.637733333333333,3.5698666666666665,0.5572666666666667
98,10,37312.35666666667,0.9463887037037036,9.650033333333333,3.3858,0.7536333333333334
98,12,37387.712666666666,0.9462609259259259,9.673033333333333,3.159866666666667,1.0025666666666666
98,14,37473.48333333333,0.9460238888888889,9.7157,2.8908,1.3143
98,16,37565.615333333335,0.9455994444444444,9.7921,2.5797,1.7018
98,18,37653.045333333335,0.9448755555555555,9.9224,2.2427333333333332,2.1690666666666667
98,20,37725.562,0.9437335185185185,10.127966666666667,1.8928333333333334,2.7245333333333335
98,22,37771.941333333336,0.9420355555555555,10.4336,1.5432666666666666,3.3797333333333333
98,24,37778.871333333336,0.9396338888888889,10.8659,1.2118,4.1435
98,26,37739.106,0.9364657407407406,11.436166666666667,0.9104,5.0151666666666666
98,28,37642.63533333333,0.9324138888888889,12.1655,0.6516333333333333,6.003266666666667
98,30,37484.344666666664,0.9274298148148148,13.062633333333334,0.4434,7.108633333333334
98,32,37263.60666666667,0.9215303703703703,14.124533333333334,0.28963333333333335,8.3243
98,34,36987.106,0.9147868518518518,15.338366666666667,0.18103333333333332,9.646733333333334
98,36,36661.552,0.9072685185185185,16.691666666666666,0.10796666666666667,11.0731
98,38,36295.397333333334,0.8990744444444445,18.1666,0.059833333333333336,12.596166666666667
98,40,35895.77,0.890307962962963,19.744566666666667,0.030266666666666667,14.2037
100,0,36885.41333333333,0.9529866666666666,8.4624,4.678233333333333,0.20536666666666667
100,2,36915.950666666664,0.9529814814814814,8.463333333333333,4.592733333333333,0.2918
100,4,36955.916,0.9529718518518518,8.465066666666667,4.480466666666667,0.4058
100,6,37008.005333333334,0.9529500000000001,8.469,4.332933333333333,0.5572666666666667
100,8,37073.634,0.9529046296296296,8.477166666666667,4.144733333333333,0.7536333333333334
100,10,37153.22666666667,0.9528148148148148,8.493333333333334,3.911966666666667,1.0025666666666666
100,12,37247.346666666665,0.9526525925925925,8.522533333333334,3.6294333333333335,1.3143
100,14,37353.47,0.9523535185185185,8.576366666666667,3.2957666666666667,1.7018
100,16,37463.488666666664,0.9518320370370371,8.670233333333334,2.9223666666666666,2.1690666666666667
100,18,37565.352,0.950952962962963,8.828466666666667,2.5251333333333332,2.7245333333333335
100,20,37650.60533333333,0.9496033333333332,9.0714,2.1128666666666667,3.3797333333333333
100,22,37703.82866666667,0.9476164814814815,9.429033333333333,1.7067333333333334,4.1435
100,24,37712.072,0.9448785185185186,9.921866666666666,1.3279,5.0151666666666666
100,26,37665.82133333333,0.9412766666666667,10.5702,0.9881333333333333,6.003266666666667
100,28,37557.52333333333,0.9367405555555556,11.3867,0.6992666666666667,7.108633333333334
100,30,37381.694,0.9312435185185185,12.376166666666666,0.4730666666666667,8.3243
100,32,37141.21533333333,0.9248227777777778,13.5319,0.3063666666666667,9.646733333333334
100,34,36842.528,0.9175451851851851,14.841866666666666,0.18996666666666667,11.0731
100,36,36494.787333333334,0.9095161111111111,16.2871,0.11213333333333333,12.596166666666667
100,38,36108.09733333333,0.9008655555555556,17.8442,0.0617,14.2037
100,40,35690.05733333333,0.8916966666666667,19.4946,0.030966666666666667,15.884833333333333
102,0,36619.176666666666,0.9589248148148148,7.393533333333333,5.443033333333333,0.2918
102,2,36659.431333333334,0.9589177777777778,7.3948,5.3303,0.4058
102,4,36712.26466666667,0.9589025925925926,7.3975333333333335,5.181566666666667,0.5572666666666667
102,6,36779.402,0.9588707407407407,7.403266666666667,4.990933333333333,0.7536333333333334
102,8,36862.280666666666,0.9588103703703704,7.414133333333333,4.752866666666667,1.0025666666666666
102,10,36961.60866666667,0.9586948148148148,7.434933333333333,4.4619333333333335,1.3143
102,12,37077.838,0.9584862962962963,7.472466666666667,4.1119666666666665,1.7018
102,14,37204.266,0.9581118518518519,7.539866666666667,3.7121,2.1690666666666667
102,16,37332.47933333334,0.9574688888888889,7.6556,3.2723666666666666,2.7245333333333335
102,18,37451.874,0.9564251851851852,7.843466666666667,2.8050333333333333,3.3797333333333333
102,20,37549.96466666667,0.9548403703703703,8.128733333333333,2.3265333333333333,4.1435
102,22,37609.916,0.9525657407407409,8.538166666666667,1.8643,5.0151666666666666
102,24,37617.977333333336,0.9494505555555557,9.0989,1.4369333333333334,6.003266666666667
102,26,37565.23133333334,0.9454122222222223,9.8258,1.0584666666666667,7.108633333333334
102,28,37443.87933333333,0.9404033333333334,10.7274,0.7444,8.3243
102,30,37252.02933333333,0.9344183333333334,11.8047,0.4992666666666667,9.646733333333334
102,32,36991.69933333333,0.9274844444444444,13.0528,0.321,11.0731
102,34,36672.31333333333,0.9197094444444444,14.4523,0.19743333333333332,12.596166666666667
102,36,36305.00866666667,0.9112325925925925,15.978133333333334,0.11573333333333333,14.2037
102,38,35900.422666666665,0.9021842592592593,17.606833333333334,0.0633,15.884833333333333
102,40,35466.34133333333,0.8926672222222223,19.3199,0.03186666666666667,17.629333333333335
104,0,36305.414666666664,0.9642881481481481,6.428133333333333,6.270333333333333,0.4058
104,2,36358.640666666666,0.9642764814814816,6.430233333333334,6.120966666666667,0.5572666666666667
104,4,36426.62533333333,0.9642522222222223,6.4346,5.928966666666667,0.7536333333333334
104,6,36511.426,0.9642090740740741,6.442366666666667,5.6878,1.0025666666666666
104,8,36615.156,0.964132962962963,6.456066666666667,5.389766666666667,1.3143
104,10,36737.916,0.9639829629629629,6.483066666666667,5.0292666666666666,1.7018
104,12,36876.682,0.9637190740740741,6.530566666666667,4.6095,2.1690666666666667
104,14,37024.98333333333,0.9632561111111111,6.6139,4.137366666666667,2.7245333333333335
104,16,37175.026666666665,0.9624870370370371,6.7523333333333335,3.6206,3.3797333333333333
104,18,37312.446,0.9612546296296297,6.974166666666667,3.078666666666667,4.1435
104,20,37423.278666666665,0.9594359259259259,7.301533333333333,2.5343666666666667,5.0151666666666666
104,22,37489.206666666665,0.9568392592592593,7.768933333333333,2.0136666666666665,6.003266666666667
104,24,37497.17933333333,0.953345,8.3979,1.5372666666666666,7.108633333333334
104,26,37437.558666666664,0.9488892592592594,9.199933333333334,1.1236333333333333,8.3243
104,28,37304.588,0.9434318518518519,10.182266666666667,0.7835333333333333,9.646733333333334
104,30,37096.172666666665,0.9369631481481482,11.346633333333333,0.5215333333333333,11.0731
104,32,36817.314,0.9295512962962963,12.680766666666667,0.3326,12.596166666666667
104,34,36479.93466666667,0.9213425925925927,14.158333333333333,0.20263333333333333,14.2037
104,36,36095.395333333334,0.9124738888888888,15.7547,0.11786666666666666,15.884833333333333
104,38,35674.91266666666,0.9030787037037038,17.445833333333333,0.0645,17.629333333333335
104,40,35227.37933333333,0.8932683333333333,19.2117,0.0323,19.4274
106,0,35948.99866666667,0.9690777777777778,5.566,7.147666666666667,0.5572666666666667
106,2,36017.66533333333,0.9690596296296297,5.569266666666667,6.954566666666667,0.7536333333333334
106,4,36103.49933333333,0.9690257407407408,5.575366666666667,6.711733333333333,1.0025666666666666
106,6,36209.606,0.968970925925926,5.585233333333333,6.409866666666667,1.3143
106,8,36337.80133333334,0.9688696296296296,5.603466666666667,6.0406,1.7018
106,10,36484.586,0.9686775925925926,5.6380333333333335,5.6079,2.1690666666666667
106,12,36647.49866666667,0.9683455555555556,5.6978,5.1122,2.7245333333333335
106,14,36820.895333333334,0.9677857407407408,5.798566666666667,4.557766666666667,3.3797333333333333
106,16,36993.17933333333,0.9668657407407407,5.964166666666666,3.9596,4.1435
106,18,37149.06533333333,0.9654507407407408,6.218866666666667,3.342633333333333,5.0151666666666666
106,20,37273.128666666664,0.963375,6.5925,2.7281666666666666,6.003266666666667
106,22,37345.25066666667,0.9604555555555556,7.118,2.1483,7.108633333333334
106,24,37352.32133333333,0.9565974074074074,7.8124666666666664,1.6271,8.3243
106,26,37285.566666666666,0.9517333333333334,8.688,1.1802,9.646733333333334
106,28,37139.812666666665,0.9458261111111111,9.7513,0.8171333333333334,11.0731
106,30,36915.369333333336,0.9389018518518518,10.997666666666667,0.5404333333333333,12.596166666666667
106,32,36620.584,0.9310748148148148,12.406533333333334,0.34176666666666666,14.2037
106,34,36267.10666666667,0.9224844444444444,13.9528,0.2069,15.884833333333333
106,36,35867.518,0.9132764814814816,15.610233333333333,0.11983333333333333,17.629333333333335
106,38,35433.79,0.9035898148148148,17.353833333333334,0.06536666666666667,19.4274
106,40,34974.41533333333,0.8935212962962963,19.166166666666665,0.0325,21.2726
108,0,35555.272,0.9733161111111112,4.8031,8.063233333333333,0.7536333333333334
108,2,35642.036,0.9732905555555555,4.8077,7.8189,1.0025666666666666
108,4,35749.362,0.9732466666666667,4.8156,7.515066666666667,1.3143
108,6,35880.40933333334,0.973170925925926,4.829233333333334,7.1412,1.7018
108,8,36033.600666666665,0.9730362962962963,4.853466666666667,6.698166666666666,2.1690666666666667
108,10,36206.371333333336,0.9727925925925925,4.897333333333333,6.186566666666667,2.7245333333333335
108,12,36396.632,0.9723838888888889,4.9709,5.604933333333333,3.3797333333333333
108,14,36596.568,0.9717116666666666,5.0919,4.962166666666667,4.1435
108,16,36791.92733333333,0.9706503703703703,5.282933333333333,4.281533333333333,5.0151666666666666
108,18,36966.39666666667,0.9690262962962963,5.575266666666667,3.5857666666666668,6.003266666666667
108,20,37102.068666666666,0.9666762962962963,5.998266666666667,2.9034,7.108633333333334
108,22,37178.93066666667,0.9634435185185186,6.580166666666667,2.269633333333333,8.3243
108,24,37184.22,0.9592250000000001,7.3395,1.7065333333333332,9.646733333333334
108,26,37109.55933333333,0.9539548148148149,8.288133333333333,1.2288,11.0731
108,28,36951.12533333333,0.9476220370370371,9.428033333333333,0.8456333333333333,12.596166666666667
108,30,36713.38,0.9403061111111111,10.7449,0.5549666666666667,14.2037
108,32,36403.86066666667,0.9321096296296296,12.220266666666667,0.3492,15.884833333333333
108,34,36036.49133333333,0.9231903703703703,13.825733333333334,0.21016666666666667,17.629333333333335
108,36,35624.05,0.9136944444444445,15.535,0.12136666666666666,19.4274
108,38,35178.74933333333,0.903752037037037,17.324633333333335,0.0658,21.2726
108,40,34710.06733333333,0.8934825925925926,19.173133333333332,0.03266666666666666,23.154233333333334
110,0,35129.928,0.9770216666666667,4.1361,9.0043,1.0025666666666666
110,2,35238.308,0.9769872222222222,4.1423,8.698766666666666,1.3143
110,4,35370.905333333336,0.9769253703703703,4.153433333333333,8.3224,1.7018
110,6,35527.46533333333,0.976820925925926,4.172233333333334,7.8739333333333335,2.1690666666666667
110,8,35707.59333333333,0.9766431481481482,4.204233333333334,7.350466666666667,2.7245333333333335
110,10,35909.48933333333,0.9763387037037038,4.259033333333333,6.750066666666667,3.3797333333333333
110,12,36128.95533333333,0.9758414814814814,4.348533333333333,6.0758,4.1435
110,14,36355.066666666666,0.9750557407407408,4.489966666666667,5.345566666666667,5.0151666666666666
110,16,36573.928,0.9738294444444444,4.7107,4.5782,6.003266666666667
110,18,36765.193333333336,0.9719775925925925,5.044033333333333,3.8061666666666665,7.108633333333334
110,20,36911.578,0.9693677777777777,5.5138,3.0602666666666667,8.3243
110,22,36992.032,0.9658227777777777,6.1519,2.3759333333333332,9.646733333333334
110,24,36994.21,0.9612411111111112,6.9766,1.7742666666666667,11.0731
110,26,36910.92,0.9555816666666668,7.9953,1.2699,12.596166666666667
110,28,36742.47,0.9488866666666667,9.2004,0.8674666666666667,14.2037
110,30,36491.91266666666,0.9412185185185185,10.580666666666668,0.5666,15.884833333333333
110,32,36169.762,0.9327044444444444,12.1132,0.35463333333333336,17.629333333333335
110,34,35790.20133333333,0.9235031481481482,13.769433333333334,0.2128,19.4274
110,36,35366.53866666667,0.9137546296296296,15.524166666666666,0.12233333333333334,21.2726
110,38,34912.096,0.9036127777777777,17.3497,0.06623333333333334,23.154233333333334
110,40,34435.712,0.8931772222222222,19.2281,0.0329,25.065966666666668
112,0,34678.844,0.9802018518518518,3.5636666666666668,9.956566666666667,1.3143
112,2,34812.516,0.9801496296296296,3.5730666666666666,9.578466666666667,1.7018
112,4,34971.039333333334,0.9800627777777778,3.5887,9.126833333333334,2.1690666666666667
112,6,35155.176666666666,0.9799209259259258,3.6142333333333334,8.5969,2.7245333333333335
112,8,35365.897333333334,0.9796955555555555,3.6548,7.982266666666667,3.3797333333333333
112,10,35599.06533333333,0.9793211111111112,3.7222,7.2859,4.1435
112,12,35847.12466666667,0.9787320370370369,3.8282333333333334,6.520266666666667,5.0151666666666666
112,14,36100.582,0.9778157407407407,3.9931666666666668,5.6971,6.003266666666667
112,16,36340.70333333333,0.9764016666666666,4.2477,4.846266666666667,7.108633333333334
112,18,36548.11666666667,0.9743387037037037,4.619033333333333,4.001933333333334,8.3243
112,20,36703.23933333333,0.9714627777777778,5.1367,3.1971666666666665,9.646733333333334
112,22,36785.74866666667,0.967600925925926,5.831833333333333,2.4659333333333335,11.0731
112,24,36784.11266666667,0.9626731481481482,6.718833333333333,1.8298666666666668,12.596166666666667
112,26,36694.030666666666,0.9566803703703705,7.797533333333333,1.3010333333333333,14.2037
112,28,36515.062666666665,0.9496537037037037,9.062333333333333,0.8847,15.884833333333333
112,30,36253.651333333335,0.9416838888888889,10.4969,0.5747666666666666,17.629333333333335
112,32,35919.97066666667,0.9328937037037036,12.079133333333333,0.3589333333333333,19.4274
112,34,35529.994666666666,0.923447037037037,13.779533333333333,0.21413333333333334,21.2726
112,36,35097.52066666666,0.913502037037037,15.569633333333334,0.1226,23.154233333333334
112,38,34635.5,0.9031951851851852,17.424866666666667,0.0661,25.065966666666668
112,40,34152.87,0.8926246296296297,19.327566666666666,0.03256666666666667,27.0022
114,0,34211.41533333333,0.9828864814814815,3.080433333333333,10.8989,1.7018
114,2,34371.240666666665,0.9828112962962964,3.0939666666666668,10.445166666666667,2.1690666666666667
114,4,34557.77533333333,0.9826909259259259,3.1156333333333333,9.911366666666666,2.7245333333333335
114,6,34773.104666666666,0.9825068518518519,3.1487666666666665,9.2893,3.3797333333333333
114,8,35016.50266666667,0.9822240740740741,3.199666666666667,8.576433333333334,4.1435
114,10,35279.64866666667,0.9817701851851852,3.2813666666666665,7.786466666666667,5.0151666666666666
114,12,35557.67866666667,0.9810740740740741,3.4066666666666667,6.923666666666667,6.003266666666667
114,14,35835.971333333335,0.980002037037037,3.5996333333333332,6.011266666666667,7.108633333333334
114,16,36096.043333333335,0.9784109259259259,3.8860333333333332,5.082,8.3243
114,18,36316.328,0.976118888888889,4.2986,4.172133333333333,9.646733333333334
114,20,36478.87933333333,0.9729742592592593,4.864633333333333,3.3118,11.0731
114,22,36561.914666666664,0.9688051851851851,5.615066666666666,2.5391666666666666,12.596166666666667
114,24,36557.39266666667,0.9635790740740741,6.555766666666667,1.8723333333333334,14.2037
114,26,36459.5,0.9572788888888889,7.6898,1.3252333333333333,15.884833333333333
114,28,36271.972,0.9499711111111111,9.0052,0.8961333333333333,17.629333333333335
114,30,36000.39466666667,0.9417374074074074,10.487266666666667,0.5801333333333333,19.4274
114,32,35656.85666666667,0.9327068518518519,12.112766666666667,0.36043333333333333,21.2726
114,34,35258.338,0.9230661111111111,13.8481,0.21413333333333334,23.154233333333334
114,36,34818.244666666666,0.9129557407407407,15.667966666666667,0.12226666666666666,25.065966666666668
114,38,34350.01933333333,0.9025142592592592,17.547433333333334,0.0655,27.0022
114,40,33862.80733333333,0.8918475925925926,19.467433333333332,0.0322,28.9555
116,0,33735.079333333335,0.9851248148148147,2.6775333333333333,11.817433333333334,2.1690666666666667
116,2,33923.164,0.9850183333333333,2.6967,11.281133333333333,2.7245333333333335
116,4,34141.49,0.9848611111111112,2.725,10.654233333333334,3.3797333333333333
116,6,34390.63333333333,0.9846298148148147,2.7666333333333335,9.9321,4.1435
116,8,34665.58,0.9842816666666667,2.8293,9.1231,5.0151666666666666
116,10,34960.04,0.9837327777777778,2.9281,8.2338,6.003266666666667
116,12,35265.63333333333,0.9829053703703704,3.0770333333333335,7.2773666666666665,7.108633333333334
116,14,35566.99733333333,0.9816842592592593,3.2968333333333333,6.2815,8.3243
116,16,35843.826,0.9798988888888889,3.6182,5.280433333333334,9.646733333333334
116,18,36075.238666666664,0.9773712962962963,4.073166666666666,4.309033333333334,11.0731
116,20,36242.30466666666,0.9739551851851852,4.688066666666667,3.4008666666666665,12.596166666666667
116,22,36325.82266666667,0.969517962962963,5.486766666666667,2.592033333333333,14.2037
116,24,36315.80466666666,0.9640051851851853,6.479066666666666,1.9032,15.884833333333333
116,26,36211.50133333333,0.9574431481481481,7.660233333333333,1.3398666666666668,17.629333333333335
116,28,36015.212666666666,0.949884074074074,9.020866666666667,0.9024333333333333,19.4274
116,30,35734.088,0.9414127777777778,10.5457,0.5820666666666666,21.2726
116,32,35382.48266666666,0.9321924074074074,12.205366666666666,0.3601,23.154233333333334
116,34,34976.365333333335,0.9223864814814814,13.970433333333334,0.21343333333333334,25.065966666666668
116,36,34530.04666666667,0.9121412962962963,15.814566666666666,0.12133333333333333,27.0022
116,38,34057.17733333333,0.9016031481481481,17.711433333333332,0.0649,28.9555
116,40,33566.292,0.8908605555555554,19.6451,0.031933333333333334,30.922133333333335
118,0,33258.432,0.9869612962962963,2.346966666666667,12.694533333333334,2.7245333333333335
118,2,33478.452666666664,0.9868192592592593,2.372533333333333,12.0649,3.3797333333333333
118,4,33731.13,0.9866196296296296,2.4084666666666665,11.337066666666667,4.1435
118,6,34012.566,0.9863296296296297,2.4606666666666666,10.5176,5.0151666666666666
118,8,34320.19066666667,0.9858987037037038,2.5382333333333333,9.607066666666666,6.003266666666667
118,10,34644.012,0.9852346296296296,2.657766666666667,8.621233333333333,7.108633333333334
118,12,34974.846666666665,0.9842775925925925,2.830033333333333,7.577833333333333,8.3243
118,14,35295.426666666666,0.9828842592592592,3.0808333333333335,6.5062,9.646733333333334
118,16,35587.08266666667,0.9808964814814815,3.438633333333333,5.437633333333333,11.0731
118,18,35826.87466666667,0.9781320370370371,3.9362333333333335,4.412166666666667,12.596166666666667
118,20,35997.358,0.9744740740740742,4.594666666666667,3.4630666666666667,14.2037
118,22,36078.149333333335,0.969775,5.4405,2.6277666666666666,15.884833333333333
118,24,36063.27066666666,0.9640142592592593,6.477433333333333,1.9202,17.629333333333335
118,26,35951.467333333334,0.9572122222222222,7.7018,1.3465,19.4274
118,28,35746.334,0.9494218518518519,9.104066666666666,0.9035666666666666,21.2726
118,30,35457.266,0.9407618518518518,10.662866666666666,0.5807333333333333,23.154233333333334
118,32,35098.0,0.9313757407407408,12.352366666666667,0.3585,25.065966666666668
118,34,34685.657333333336,0.9214350000000001,14.1417,0.2116,27.0022
118,36,34234.488,0.9110912962962963,16.003566666666668,0.12016666666666667,28.9555
118,38,33757.842,0.9004762962962963,17.914266666666666,0.06423333333333334,30.922133333333335
118,40,33264.255333333334,0.8896777777777778,19.858,0.0315,32.8986
120,0,32789.812,0.9884153703703704,2.0852333333333335,13.511133333333333,3.3797333333333333
120,2,33044.57666666667,0.9882344444444445,2.1178,12.779933333333334,4.1435
120,4,33330.104666666666,0.9879811111111111,2.1634,11.953866666666666,5.0151666666666666
120,6,33645.16933333333,0.9876168518518518,2.2289666666666665,11.031333333333333,6.003266666666667
120,8,33983.602,0.9870837037037038,2.3249333333333335,10.021933333333333,7.108633333333334
120,10,34334.111333333334,0.986302962962963,2.4654666666666665,8.9468,8.3243
120,12,34686.621333333336,0.9851957407407407,2.6647666666666665,7.823666666666667,9.646733333333334
120,14,35024.136666666665,0.9836188888888889,2.9486,6.681133333333333,11.0731
120,16,35327.37533333333,0.981422962962963,3.3438666666666665,5.553333333333334,12.596166666666667
120,18,35572.858,0.978437037037037,3.8813333333333335,4.483266666666666,14.2037
120,20,35743.21866666667,0.9745405555555556,4.5827,3.5035,15.884833333333333
120,22,35821.174666666666,0.9696116666666666,5.4699,2.6462,17.629333333333335
120,24,35800.284,0.9636242592592593,6.547633333333334,1.9258666666666666,19.4274
120,26,35680.38,0.9565975925925926,7.812433333333333,1.3454666666666666,21.2726
120,28,35467.572,0.948620925925926,9.248233333333333,0.8996333333333333,23.154233333333334
120,30,35170.74,0.9397942592592593,10.837033333333334,0.5767,25.065966666666668
120,32,34805.26933333333,0.9302735185185185,12.550766666666666,0.3542,27.0022
120,34,34387.58,0.9202298148148148,14.358633333333334,0.20876666666666666,28.9555
120,36,33932.344666666664,0.9098066666666667,16.2348,0.1183,30.922133333333335
120,38,33452.708,0.8991331481481482,18.156033333333333,0.06306666666666666,32.8986
120,40,32956.835333333336,0.8882896296296297,20.107866666666666,0.030833333333333334,34.882666666666665
122,0,32337.91866666667,0.9895211111111111,1.8862,14.248833333333334,4.1435
122,2,32625.72,0.9892881481481481,1.9281333333333333,13.4191,5.0151666666666666
122,4,32945.24866666667,0.9889638888888889,1.9865,12.489366666666667,6.003266666666667
122,6,33292.113333333335,0.9885062962962963,2.0688666666666666,11.466366666666667,7.108633333333334
122,8,33658.722,0.9878698148148147,2.1834333333333333,10.365266666666667,8.3243
122,10,34032.126,0.9869498148148149,2.3490333333333333,9.208433333333334,9.646733333333334
122,12,34403.431333333334,0.9856757407407408,2.5783666666666667,8.0114,11.0731
122,14,34755.31933333333,0.9839157407407408,2.895166666666667,6.805133333333333,12.596166666666667
122,16,35065.61266666667,0.9815105555555556,3.3281,5.630533333333333,14.2037
122,18,35312.378,0.9782987037037036,3.9062333333333332,4.527533333333333,15.884833333333333
122,20,35481.37066666667,0.9741855555555555,4.6466,3.5234,17.629333333333335
122,22,35555.29866666667,0.9690477777777777,5.5714,2.6501333333333332,19.4274
122,24,35527.258,0.9628442592592593,6.688033333333333,1.9215666666666666,21.2726
122,26,35399.865333333335,0.955632962962963,7.986066666666667,1.3379666666666667,23.154233333333334
122,28,35179.293333333335,0.9474896296296297,9.451866666666668,0.8920333333333333,25.065966666666668
122,30,34875.616,0.9385225925925926,11.065933333333334,0.5698666666666666,27.0022
122,32,34504.344,0.9288948148148148,12.798933333333334,0.3495666666666667,28.9555
122,34,34081.98933333333,0.9187662962962964,14.622066666666667,0.20606666666666668,30.922133333333335
122,36,33623.61866666667,0.9082833333333334,16.509,0.11653333333333334,32.8986
122,38,33141.51,0.8975631481481481,18.438633333333332,0.0621,34.882666666666665
122,40,32644.055333333334,0.8866901851851852,20.395766666666667,0.030433333333333333,36.87146666666667
124,0,31906.922666666665,0.9903083333333333,1.7445,14.900766666666666,5.0151666666666666
124,2,32228.97266666667,0.9900066666666667,1.7988,13.966966666666666,6.003266666666667
124,4,32580.921333333332,0.9895946296296297,1.8729666666666667,12.935766666666666,7.108633333333334
124,6,32956.74733333333,0.9890407407407408,1.9726666666666666,11.8198,8.3243
124,8,33347.16,0.988273148148148,2.1108333333333333,10.635533333333333,9.646733333333334
124,10,33740.434,0.987195925925926,2.3047333333333335,9.403066666666666,11.0731
124,12,34127.579333333335,0.9857518518518519,2.5646666666666667,8.139933333333333,12.596166666666667
124,14,34489.10533333333,0.9838057407407408,2.9149666666666665,6.8827,14.2037
124,16,34801.797333333336,0.9811846296296297,3.3867666666666665,5.6733666666666664,15.884833333333333
124,18,35048.26933333333,0.9777657407407409,4.002166666666667,4.544266666666666,17.629333333333335
124,20,35213.99866666667,0.9734505555555556,4.7789,3.5229333333333335,19.4274
124,22,35281.541333333334,0.9681035185185185,5.741366666666667,2.6402,21.2726
124,24,35245.702,0.9617125925925927,6.891733333333334,1.9089333333333334,23.154233333333334
124,26,35110.17333333333,0.9543312962962962,8.220366666666667,1.3258333333333334,25.065966666666668
124,28,34882.23933333333,0.946042962962963,9.712266666666666,0.8815,27.0022
124,30,34572.202666666664,0.9369638888888889,11.3465,0.5624333333333333,28.9555
124,32,34196.01733333334,0.9272490740740741,13.095166666666668,0.34446666666666664,30.922133333333335
124,34,33770.03133333333,0.9170562962962963,14.929866666666667,0.2027,32.8986
124,36,33308.734,0.9065225925925926,16.82593333333333,0.1147,34.882666666666665
124,38,32824.89866666667,0.8957716666666666,18.7611,0.061066666666666665,36.87146666666667
124,40,32325.97,0.8848725925925925,20.722933333333334,0.0301,38.864266666666666
126,0,31503.746,0.9908140740740741,1.6534666666666666,15.4523,6.003266666666667
126,2,31858.422666666665,0.9904264814814815,1.7232333333333334,14.4167,7.108633333333334
126,4,32239.518666666667,0.9899198148148147,1.8144333333333333,13.292233333333334,8.3243
126,6,32639.665333333334,0.9892394444444444,1.9369,12.092266666666667,9.646733333333334
126,8,33050.98133333334,0.9883238888888889,2.1017,10.8307,11.0731
126,10,33461.02533333333,0.987085,2.3247,9.530633333333334,12.596166666666667
126,12,33858.80066666667,0.9854637037037037,2.6165333333333334,8.214933333333333,14.2037
126,14,34223.59333333333,0.9833094444444445,3.0043,6.921566666666667,15.884833333333333
126,16,34537.066666666666,0.980490925925926,3.511633333333333,5.6844,17.629333333333335
126,18,34780.99866666667,0.9768764814814814,4.162233333333333,4.536933333333334,19.4274
126,20,34940.942,0.9723574074074075,4.975666666666666,3.5051666666666668,21.2726
126,22,35000.83066666667,0.9668242592592593,5.971633333333333,2.6195,23.154233333333334
126,24,34956.132,0.960256851851852,7.153766666666667,1.8899,25.065966666666668
126,26,34812.600666666665,0.9527248148148147,8.509533333333334,1.3094333333333332,27.0022
126,28,34577.50133333333,0.9443172222222223,10.0229,0.8695,28.9555
126,30,34261.828,0.9351446296296296,11.673966666666667,0.5539333333333334,30.922133333333335
126,32,33881.43266666667,0.9253603703703703,13.435133333333333,0.33863333333333334,32.8986
126,34,33451.941333333336,0.9151116666666667,15.2799,0.19933333333333333,34.882666666666665
126,36,32988.48333333333,0.9045433333333334,17.1822,0.11283333333333333,36.87146666666667
126,38,32503.00866666667,0.8937648148148148,19.122333333333334,0.06016666666666667,38.864266666666666
126,40,32003.090666666667,0.8828487037037037,21.087233333333334,0.029733333333333334,40.8596
128,0,31132.588666666667,0.9910614814814814,1.6089333333333333,15.8958,7.108633333333334
128,2,31516.578,0.9905807407407407,1.6954666666666667,14.766666666666667,8.3243
128,4,31922.511333333332,0.9899522222222221,1.8086,13.557366666666667,9.646733333333334
128,6,32343.912666666667,0.9891270370370371,1.9571333333333334,12.279533333333333,11.0731
128,8,32772.825333333334,0.9880572222222223,2.1497,10.949033333333333,12.596166666666667
128,10,33193.933333333334,0.986645,2.4039,9.5957,14.2037
128,12,33595.636666666665,0.9848214814814814,2.7321333333333335,8.2428,15.884833333333333
128,14,33961.748,0.9824746296296297,3.1545666666666667,6.920733333333334,17.629333333333335
128,16,34273.094666666664,0.9794642592592592,3.6964333333333332,5.664533333333333,19.4274
128,18,34511.55066666667,0.9756487037037037,4.383233333333333,4.5061333333333335,21.2726
128,20,34663.240666666665,0.9709381481481482,5.231133333333333,3.4724,23.154233333333334
128,22,34713.98066666667,0.9652259259259259,6.259333333333333,2.5888666666666666,25.065966666666668
128,24,34660.308,0.9584990740740741,7.470166666666667,1.8634666666666666,27.0022
128,26,34508.454,0.9508374074074074,8.849266666666667,1.2892666666666666,28.9555
128,28,34266.664,0.9423268518518518,10.381166666666667,0.8545333333333334,30.922133333333335
128,30,33945.80933333333,0.9330761111111111,12.0463,0.5432,32.8986
128,32,33560.958,0.9232274074074075,13.819066666666666,0.3319,34.882666666666665
128,34,33128.376,0.9129357407407407,15.671566666666667,0.1956,36.87146666666667
128,36,32662.865333333335,0.9023361111111111,17.5795,0.11073333333333334,38.864266666666666
128,38,32176.029333333332,0.8915372222222222,19.5233,0.0592,40.8596
128,40,31675.558,0.8806118518518519,21.489866666666668,0.0291,42.85626666666667
130,0,30796.639333333333,0.9910774074074075,1.6060666666666668,16.228,8.3243
130,2,31205.59,0.9904759259259259,1.7143333333333333,15.013833333333332,9.646733333333334
130,4,31633.026,0.9897048148148148,1.8531333333333333,13.726266666666668,11.0731
130,6,32072.499333333333,0.9887296296296295,2.0286666666666666,12.378733333333333,12.596166666666667
130,8,32512.806666666667,0.9874894444444444,2.2519,10.994433333333333,14.2037
130,10,32938.442,0.9858803703703705,2.541533333333333,9.602933333333333,15.884833333333333
130,12,33341.79466666667,0.9838672222222222,2.9039,8.2208,17.629333333333335
130,14,33705.82066666667,0.9813288888888888,3.3608,6.8796333333333335,19.4274
130,16,34011.81533333333,0.9781185185185185,3.9386666666666668,5.6123,21.2726
130,18,34241.191333333336,0.9741040740740741,4.661266666666666,4.453266666666667,23.154233333333334
130,20,34382.41,0.9692025925925927,5.543533333333333,3.4238,25.065966666666668
130,22,34422.75,0.9633181481481482,6.602733333333333,2.5467666666666666,27.0022
130,24,34358.85333333333,0.9564446296296296,7.839966666666666,1.8307,28.9555
130,26,34198.32466666667,0.9486622222222222,9.2408,1.2649,30.922133333333335
130,28,33950.092666666664,0.9400622222222221,10.7888,0.8364333333333334,32.8986
130,30,33623.542,0.9307359259259259,12.467533333333334,0.5311,34.882666666666665
130,32,33234.44266666667,0.920833888888889,14.2499,0.32466666666666666,36.87146666666667
130,34,32799.126,0.9105048148148147,16.109133333333332,0.1911,38.864266666666666
130,36,32331.654666666665,0.8998794444444443,18.0217,0.10833333333333334,40.8596
130,38,31843.872666666666,0.8890677777777777,19.9678,0.05776666666666667,42.85626666666667
130,40,31342.83133333333,0.8781340740740741,21.935866666666666,0.028166666666666666,44.85393333333333
132,0,30495.065333333332,0.9908598148148149,1.6452333333333333,16.451466666666665,9.646733333333334
132,2,30925.828666666668,0.9901185185185184,1.7786666666666666,15.158533333333333,11.0731
132,4,31371.605333333333,0.9891998148148149,1.9440333333333333,13.800833333333333,12.596166666666667
132,6,31822.37,0.9880533333333333,2.1504,12.399666666666667,14.2037
132,8,32267.225333333332,0.9866164814814815,2.4090333333333334,10.977166666666667,15.884833333333333
132,10,32694.675333333333,0.9848192592592593,2.7325333333333335,9.556166666666666,17.629333333333335
132,12,33095.86,0.9826138888888889,3.1295,8.155066666666666,19.4274
132,14,33454.513333333336,0.9798753703703704,3.6224333333333334,6.8028,21.2726
132,16,33751.056,0.9764627777777777,4.2367,5.535433333333334,23.154233333333334
132,18,33969.01,0.9722488888888888,4.9952,4.3822,25.065966666666668
132,20,34098.15466666667,0.9671601851851851,5.9111666666666665,3.3619333333333334,27.0022
132,22,34126.03866666667,0.961109074074074,7.000366666666666,2.4978333333333333,28.9555
132,24,34051.64866666667,0.9540985185185185,8.262266666666667,1.7931,30.922133333333335
132,26,33882.46666666667,0.9462068518518518,9.682766666666666,1.2371333333333334,32.8986
132,28,33627.07133333333,0.9375181481481482,11.246733333333333,0.8170333333333333,34.882666666666665
132,30,33295.05333333334,0.9281275925925925,12.937033333333334,0.5185333333333333,36.87146666666667
132,32,32902.26866666666,0.9181796296296296,14.727666666666666,0.3163666666666667,38.864266666666666
132,34,32464.247333333333,0.9078181481481481,16.59273333333333,0.1861,40.8596
132,36,31995.065333333332,0.8971731481481481,18.50883333333333,0.10553333333333334,42.85626666666667
132,38,31506.444666666666,0.8863507407407408,20.456866666666667,0.0559,44.85393333333333
132,40,31004.513333333332,0.8754064814814816,22.426833333333335,0.0274,46.8524
134,0,30227.108666666667,0.9904092592592592,1.7263333333333333,16.568533333333335,11.0731
134,2,30676.543333333335,0.9895233333333334,1.8858,15.204933333333333,12.596166666666667
134,4,31133.632,0.9884335185185186,2.0819666666666667,13.793566666666667,14.2037
134,6,31588.944666666666,0.9870903703703704,2.323733333333333,12.3542,15.884833333333333
134,8,32035.924666666666,0.9854681481481481,2.6157333333333335,10.9017,17.629333333333335
134,10,32461.0,0.9834768518518519,2.9741666666666666,9.462066666666667,19.4274
134,12,32856.812,0.9810712962962964,3.4071666666666665,8.049866666666667,21.2726
134,14,33205.228,0.9781235185185184,3.9377666666666666,6.698833333333333,23.154233333333334
134,16,33489.46,0.9745035185185185,4.589366666666667,5.4387,25.065966666666668
134,18,33693.79,0.9700885185185186,5.384066666666667,4.297166666666667,27.0022
134,20,33808.80466666666,0.9648181481481483,6.3327333333333335,3.2925333333333335,28.9555
134,22,33823.922,0.9586096296296296,7.450266666666667,2.443433333333333,30.922133333333335
134,24,33739.06,0.9514735185185185,8.734766666666667,1.7514666666666667,32.8986
134,26,33561.02,0.9434779629629629,10.173966666666667,1.2066,34.882666666666665
134,28,33298.028666666665,0.9347059259259258,11.752933333333333,0.7967666666666666,36.87146666666667
134,30,32961.00266666667,0.9252575925925927,13.453633333333334,0.5046666666666667,38.864266666666666
134,32,32564.376666666667,0.915267037037037,15.251933333333334,0.3076333333333333,40.8596
134,34,32123.466666666667,0.9048753703703704,17.122433333333333,0.18146666666666667,42.85626666666667
134,36,31652.929333333333,0.894215,19.0413,0.10266666666666667,44.85393333333333
134,38,31163.129333333334,0.8833794444444444,20.9917,0.0546,46.8524
134,40,30660.62,0.872427962962963,22.962966666666667,0.026766666666666668,48.8515
136,0,29994.707333333332,0.9897485185185185,1.8452666666666666,16.578333333333333,12.596166666666667
136,2,30455.392,0.988690925925926,2.035633333333333,15.161166666666666,14.2037
136,4,30916.966666666667,0.9874038888888889,2.2673,13.7117,15.884833333333333
136,6,31374.25933333333,0.9858740740740741,2.542666666666667,12.242566666666667,17.629333333333335
136,8,31818.492666666665,0.9840544444444443,2.8702,10.772033333333333,19.4274
136,10,32238.071333333333,0.9818618518518518,3.264866666666667,9.3215,21.2726
136,12,32623.625333333333,0.9792468518518518,3.7355666666666667,7.910566666666667,23.154233333333334
136,14,32958.78,0.9760831481481481,4.305033333333333,6.5683,25.065966666666668
136,16,33228.06533333333,0.9722501851851851,4.9949666666666666,5.322,27.0022
136,18,33416.467333333334,0.9676374074074074,5.825266666666667,4.199,28.9555
136,20,33516.297333333336,0.962187962962963,6.806166666666667,3.2132666666666667,30.922133333333335
136,22,33518.049333333336,0.955827962962963,7.950966666666667,2.3816,32.8986
136,24,33421.952666666664,0.9485666666666666,9.258,1.7045666666666666,34.882666666666665
136,26,33234.208666666666,0.9404688888888889,10.7156,1.1733666666666667,36.87146666666667
136,28,32964.039333333334,0.9316196296296296,12.308466666666666,0.7734333333333333,38.864266666666666
136,30,32621.270666666667,0.9221116666666667,14.0199,0.4895333333333333,40.8596
136,32,32220.536666666667,0.91208,15.8256,0.29856666666666665,42.85626666666667
136,34,31777.217333333334,0.9016635185185184,17.700566666666667,0.17586666666666667,44.85393333333333
136,36,31304.901333333335,0.8909846296296295,19.622766666666667,0.0996,46.8524
136,38,30814.151333333335,0.8801385185185185,21.575066666666668,0.0528,48.8515
136,40,30311.172666666665,0.8691811111111111,23.5474,0.0255,50.85113333333334
138,0,29791.052666666666,0.9888596296296296,2.0052666666666665,16.497133333333334,14.2037
138,2,30256.244,0.9876050000000001,2.2311,15.041833333333333,15.884833333333333
138,4,30719.757333333335,0.986130925925926,2.4964333333333335,13.562666666666667,17.629333333333335
138,6,31174.158666666666,0.9844024074074074,2.8075666666666668,12.075733333333334,19.4274
138,8,31612.606,0.9823788888888889,3.1718,10.594766666666667,21.2726
138,10,32021.906,0.9799766666666667,3.6042,9.145533333333333,23.154233333333334
138,12,32393.59933333333,0.9771403703703704,4.114733333333334,7.7443333333333335,25.065966666666668
138,14,32713.104666666666,0.9737574074074073,4.7236666666666665,6.417033333333333,27.0022
138,16,32965.01533333334,0.9697137037037037,5.451533333333333,5.1916,28.9555
138,18,33136.166,0.9649033333333333,6.3174,4.090833333333333,30.922133333333335
138,20,33220.08866666667,0.9592796296296296,7.329666666666666,3.1266333333333334,32.8986
138,22,33207.754,0.9527688888888889,8.5016,2.3145,34.882666666666665
138,24,33099.78333333333,0.945385925925926,9.830533333333333,1.6546333333333334,36.87146666666667
138,26,32902.56733333333,0.9371903703703703,11.305733333333333,1.1370333333333333,38.864266666666666
138,28,32624.299333333332,0.9282603703703705,12.913133333333333,0.7491,40.8596
138,30,32275.748666666666,0.9186962962962962,14.634666666666666,0.47396666666666665,42.85626666666667
138,32,31871.096666666668,0.9086262962962962,16.447266666666668,0.2889,44.85393333333333
138,34,31425.172,0.8981838888888889,18.3269,0.17006666666666667,46.8524
138,36,30951.348,0.8874894444444444,20.2519,0.09596666666666667,48.8515
138,38,30459.880666666668,0.8766351851851851,22.205666666666666,0.0501,50.85113333333334
138,40,29956.152666666665,0.8656707407407407,24.179266666666667,0.023966666666666667,52.85086666666667
140,0,29613.36,0.9877353703703704,2.2076333333333333,16.333233333333332,15.884833333333333
140,2,30080.49,0.9862937037037037,2.4671333333333334,14.848233333333333,17.629333333333335
140,4,30540.946666666667,0.9846194444444445,2.7685,13.351533333333334,19.4274
140,6,30989.479333333333,0.9826862962962963,3.1164666666666667,11.8543,21.2726
140,8,31417.544666666665,0.9804522222222223,3.5186,10.3748,23.154233333333334
140,10,31812.446666666667,0.9778238888888888,3.9917,8.936166666666667,25.065966666666668
140,12,32167.292,0.9747575925925926,4.543633333333333,7.551866666666666,27.0022
140,14,32467.748666666666,0.971148888888889,5.1932,6.2481333333333335,28.9555
140,16,32700.403333333332,0.9668896296296297,5.959866666666667,5.048166666666667,30.922133333333335
140,18,32853.55933333333,0.9618862962962963,6.8604666666666665,3.9723,32.8986
140,20,32920.936,0.9560898148148149,7.903833333333333,3.0316,34.882666666666665
140,22,32893.338,0.949427037037037,9.103133333333334,2.2421,36.87146666666667
140,24,32773.27066666666,0.9419227777777778,10.4539,1.6000666666666667,38.864266666666666
140,26,32565.166,0.9336214814814814,11.948133333333333,1.0989666666666666,40.8596
140,28,32279.07,0.9246170370370371,13.568933333333334,0.7231,42.85626666666667
140,30,31924.576,0.9149964814814815,15.300633333333334,0.45713333333333334,44.85393333333333
140,32,31515.541333333334,0.9048846296296296,17.12076666666667,0.2788,46.8524
140,34,31066.930666666667,0.8944161111111111,19.0051,0.16403333333333334,48.8515
140,36,30591.872666666666,0.8837088888888889,20.9324,0.0917,50.85113333333334
140,38,30099.284,0.8728442592592592,22.888033333333333,0.0476,52.85086666666667
140,40,29594.818666666666,0.8618727777777778,24.8629,0.0226,54.85073333333333
142,0,29460.409333333333,0.986387962962963,2.4501666666666666,16.092466666666667,17.629333333333335
142,2,29924.482666666667,0.9847461111111111,2.7457,14.589933333333333,19.4274
142,4,30378.884666666665,0.9828655555555555,3.0842,13.083233333333334,21.2726
142,6,30816.725333333332,0.9807190740740741,3.4705666666666666,11.587966666666667,23.154233333333334
142,8,31229.917333333335,0.9782546296296297,3.9141666666666666,10.119833333333334,25.065966666666668
142,10,31607.186,0.9753892592592592,4.4299333333333335,8.699366666666666,27.0022
142,12,31942.073333333334,0.9720890740740741,5.0239666666666665,7.3401,28.9555
142,14,32221.372666666666,0.9682477777777778,5.7154,6.0649,30.922133333333335
142,16,32433.63533333333,0.963774074074074,6.520666666666667,4.8937,32.8986
142,18,32567.33133333333,0.9585718518518519,7.457066666666667,3.846033333333333,34.882666666666665
142,20,32616.716666666667,0.952598888888889,8.5322,2.932366666666667,36.87146666666667
142,22,32574.335333333333,0.9457907407407408,9.757666666666667,2.165033333333333,38.864266666666666
142,24,32440.899333333335,0.9381585185185186,11.131466666666666,1.5435,40.8596
142,26,32222.25933333333,0.9297585185185185,12.643466666666667,1.0588333333333333,42.85626666666667
142,28,31927.802,0.920675925925926,14.278333333333334,0.6960333333333333,44.85393333333333
142,30,31566.445333333333,0.9109912962962963,16.021566666666665,0.4408,46.8524
142,32,31153.257333333335,0.9008401851851852,17.848766666666666,0.2689,48.8515
142,34,30702.627333333334,0.8903518518518518,19.736666666666668,0.15716666666666668,50.85113333333334
142,36,30225.848666666665,0.8796288888888889,21.6668,0.08756666666666667,52.85086666666667
142,38,29732.192,0.8687542592592592,23.624233333333333,0.04513333333333333,54.85073333333333
144,0,29329.037333333334,0.9848149999999999,2.7333,15.7838,19.4274
144,2,29786.97333333333,0.9829661111111111,3.0661,14.2714,21.2726
144,4,30230.497333333333,0.9808705555555556,3.4433,12.766966666666667,23.154233333333334
144,6,30653.051333333333,0.97849,3.8718,11.283733333333334,25.065966666666668
144,8,31047.928,0.9757824074074075,4.359166666666667,9.834866666666667,27.0022
144,10,31404.680666666667,0.9726781481481481,4.917933333333333,8.440333333333333,28.9555
144,12,31717.212,0.9691346296296296,5.555766666666667,7.111533333333333,30.922133333333335
144,14,31974.445333333333,0.9650638888888889,6.2885,5.8678,32.8986
144,16,32164.623333333333,0.9603677777777777,7.1338,4.729033333333334,34.882666666666665
144,18,32278.096,0.954969074074074,8.105566666666666,3.712,36.87146666666667
144,20,32309.370666666666,0.9488209259259259,9.212233333333334,2.8258666666666667,38.864266666666666
144,22,32250.582666666665,0.9418575925925926,10.465633333333333,2.0839333333333334,40.8596
144,24,32103.594,0.9340996296296297,11.862066666666667,1.4837,42.85626666666667
144,26,31873.782,0.9255962962962964,13.392666666666667,1.0166333333333333,44.85393333333333
144,28,31569.816666666666,0.916425925925926,15.043333333333333,0.6688333333333333,46.8524
144,30,31202.116,0.9066824074074074,16.797166666666666,0.42356666666666665,48.8515
144,32,30785.358666666667,0.8964975925925925,18.630433333333333,0.2572,50.85113333333334
144,34,30332.036666666667,0.8859848148148148,20.522733333333335,0.14976666666666666,52.85086666666667
144,36,29853.487333333334,0.8752455555555555,22.4558,0.08296666666666666,54.85073333333333
146,0,29219.196,0.9830196296296296,3.0564666666666667,15.409266666666667,21.2726
146,2,29666.047333333332,0.9809538888888889,3.4283,13.899466666666667,23.154233333333334
146,4,30093.995333333332,0.9786216666666667,3.8481,12.407533333333333,25.065966666666668
146,6,30498.130666666668,0.975997037037037,4.320533333333334,10.943733333333334,27.0022
146,8,30871.788666666667,0.9730442592592592,4.852033333333333,9.521933333333333,28.9555
146,10,31205.565333333332,0.9696911111111111,5.4556,8.158866666666666,30.922133333333335
146,12,31494.212,0.9659018518518518,6.137666666666667,6.864466666666667,32.8986
146,14,31726.880666666668,0.9615864814814815,6.914433333333333,5.657166666666667,34.882666666666665
146,16,31894.355333333333,0.9566716666666666,7.7991,4.5530333333333335,36.87146666666667
146,18,31987.072,0.9510740740740741,8.806666666666667,3.5678,38.864266666666666
146,20,31998.571333333333,0.9447405555555556,9.9467,2.7125,40.8596
146,22,31922.841333333334,0.9376211111111112,11.2282,1.9973333333333334,42.85626666666667
146,24,31761.167333333335,0.9297283333333334,12.6489,1.4203666666666668,44.85393333333333
146,26,31518.995333333332,0.9211116666666666,14.1999,0.9729,46.8524
146,28,31205.896,0.9118574074074074,15.865666666666666,0.6395666666666666,48.8515
146,30,30832.06333333333,0.9020572222222222,17.6297,0.40396666666666664,50.85113333333334
146,32,30410.960666666666,0.8918331481481482,19.470033333333333,0.24456666666666665,52.85086666666667
146,34,29954.731333333333,0.8812938888888889,21.3671,0.14176666666666668,54.85073333333333
148,0,29125.683333333334,0.9810018518518518,3.4196666666666666,14.982266666666666,23.154233333333334
148,2,29556.772666666668,0.9786977777777779,3.8344,13.485266666666666,25.065966666666668
148,4,29966.116,0.9761198148148149,4.2984333333333336,12.013066666666667,27.0022
148,6,30348.681333333334,0.9732468518518519,4.815566666666666,10.5769,28.9555
148,8,30698.702,0.9700392592592593,5.392933333333334,9.187633333333334,30.922133333333335
148,10,31007.602,0.9664314814814814,6.042333333333334,7.860566666666666,32.8986
148,12,31270.402666666665,0.9623861111111112,6.7705,6.604666666666667,34.882666666666665
148,14,31478.466666666667,0.957835,7.5897,5.435066666666667,36.87146666666667
148,16,31622.664,0.9526987037037038,8.514233333333333,4.3668,38.864266666666666
148,18,31692.546666666665,0.9468883333333333,9.5601,3.417333333333333,40.8596
148,20,31683.797333333332,0.9403690740740741,10.733566666666666,2.594133333333333,42.85626666666667
148,22,31590.116666666665,0.9330855555555555,12.0446,1.9075,44.85393333333333
148,24,31412.176666666666,0.9250444444444444,13.492,1.3564333333333334,46.8524
148,26,31157.874,0.9163170370370372,15.062933333333334,0.9282666666666667,48.8515
148,28,30836.059333333335,0.906982962962963,16.743066666666667,0.6087666666666667,50.85113333333334
148,30,30455.732,0.8971242592592593,18.517633333333333,0.3836,52.85086666666667
148,32,30030.151333333335,0.8868596296296297,20.365266666666667,0.23136666666666666,54.85073333333333
150,0,29044.482666666667,0.9787375925925925,3.8272333333333335,14.511566666666667,25.065966666666668
150,2,29456.884666666665,0.976187037037037,4.286333333333333,13.034433333333334,27.0022
150,4,29844.306666666667,0.9733575925925926,4.795633333333333,11.590433333333333,28.9555
150,6,30202.842,0.9702262962962963,5.359266666666667,10.187433333333333,30.922133333333335
150,8,30527.159333333333,0.9667566666666667,5.9838,8.8355,32.8986
150,10,30809.221333333335,0.9628838888888889,6.6809,7.548533333333333,34.882666666666665
150,12,31045.826,0.9585885185185185,7.454066666666667,6.3329,36.87146666666667
150,14,31228.174,0.953794074074074,8.317066666666667,5.2031,38.864266666666666
150,16,31346.809333333335,0.9484205555555556,9.2843,4.175,40.8596
150,18,31393.798,0.9424007407407408,10.367866666666666,3.2619,42.85626666666667
150,20,31363.44,0.9356846296296297,11.576766666666666,2.473133333333333,44.85393333333333
150,22,31250.062666666665,0.9282220370370371,12.920033333333333,1.8179333333333334,46.8524
150,24,31056.251333333334,0.9200366666666666,14.3934,1.2922,48.8515
150,26,30790.257333333335,0.9112027777777778,15.9835,0.8826666666666667,50.85113333333334
150,28,30459.674666666666,0.9017898148148149,17.677833333333332,0.5772666666666667,52.85086666666667
150,30,30072.678666666667,0.8918709259259259,19.463233333333335,0.3628,54.85073333333333
152,0,28974.182,0.9762224074074074,4.279966666666667,14.001366666666666,27.0022
152,2,29364.476666666666,0.9734187037037036,4.784633333333334,12.552733333333334,28.9555
152,4,29727.662,0.9703290740740741,5.340766666666667,11.142233333333333,30.922133333333335
152,6,30059.915333333334,0.9669305555555556,5.9525,9.7775,32.8986
152,8,30356.733333333334,0.96319,6.6258,8.466733333333334,34.882666666666665
152,10,30611.40066666667,0.9590564814814815,7.369833333333333,7.221966666666667,36.87146666666667
152,12,30820.532666666666,0.954502037037037,8.189633333333333,6.048966666666667,38.864266666666666
152,14,30975.376,0.949452962962963,9.098466666666667,4.962466666666667,40.8596
152,16,31068.389333333333,0.9438455555555556,10.1078,3.9751333333333334,42.85626666666667
152,18,31090.586666666666,0.9376003703703704,11.231933333333334,3.1016,44.85393333333333
152,20,31037.184,0.9306751851851852,12.478466666666666,2.349666666666667,46.8524
152,22,30904.318666666666,0.923035925925926,13.853533333333333,1.7256333333333334,48.8515
152,24,30694.972,0.9147096296296295,15.352266666666667,1.2247333333333332,50.85113333333334
152,26,30416.655333333332,0.905765,16.9623,0.8350333333333333,52.85086666666667
152,28,30076.324666666667,0.8962642592592592,18.672433333333334,0.5453,54.85073333333333
154,0,28909.00866666667,0.9734479629629629,4.779366666666666,13.464933333333333,28.9555
154,2,29274.922,0.9703827777777778,5.3311,12.050033333333333,30.922133333333335
154,4,29611.722,0.967025,5.9355,10.677966666666666,32.8986
154,6,29916.228,0.9633533333333334,6.5964,9.3548,34.882666666666665
154,8,30185.031333333332,0.9593464814814815,7.317633333333333,8.087233333333334,36.87146666666667
154,10,30411.11,0.9549438888888889,8.1101,6.8869,38.864266666666666
154,12,30591.125333333333,0.9501203703703704,8.978333333333333,5.7598,40.8596
154,14,30718.507333333335,0.9448209259259259,9.932233333333333,4.717033333333333,42.85626666666667
154,16,30783.732666666667,0.9389612962962963,10.986966666666667,3.7741,44.85393333333333
154,18,30779.971333333335,0.9324809259259259,12.153433333333334,2.9421,46.8524
154,20,30703.588,0.9253477777777778,13.4374,2.2269666666666668,48.8515
154,22,30551.488,0.9175344444444445,14.8438,1.6337333333333333,50.85113333333334
154,24,30326.326,0.9090661111111111,16.3681,1.1583,52.85086666666667
154,26,30035.078666666668,0.9000051851851852,17.999066666666668,0.7894,54.85073333333333
156,0,28846.007333333335,0.9704083333333333,5.3265,12.908966666666666,30.922133333333335
156,2,29185.390666666666,0.9670737037037036,5.926733333333333,11.532733333333333,32.8986
156,4,29494.298666666666,0.9634414814814815,6.580533333333333,10.202466666666666,34.882666666666665
156,6,29770.335333333333,0.9594994444444445,7.2901,8.923233333333334,36.87146666666667
156,8,30009.59933333333,0.955215,8.0613,7.7016333333333336,38.864266666666666
156,10,30205.610666666667,0.9505348148148148,8.903733333333333,6.548733333333334,40.8596
156,12,30356.61466666667,0.945447037037037,9.819533333333334,5.467866666666667,42.85626666666667
156,14,30453.976666666666,0.9398753703703704,10.822433333333333,4.4731,44.85393333333333
156,16,30490.784,0.9337585185185185,11.923466666666666,3.5756666666666668,46.8524
156,18,30461.417333333335,0.9270466666666667,13.1316,2.7847,48.8515
156,20,30362.058666666668,0.9197059259259259,14.452933333333334,2.1064,50.85113333333334
156,22,30190.278666666665,0.911715925925926,15.891133333333334,1.5448666666666666,52.85086666666667
156,24,29949.292666666668,0.9031053703703703,17.441033333333333,1.0949,54.85073333333333
158,0,28784.424666666666,0.9670961111111112,5.9227,12.335633333333334,32.8986
158,2,29095.647333333334,0.9634846296296297,6.572766666666666,11.001633333333332,34.882666666666665
158,4,29375.838,0.9595798148148148,7.275633333333333,9.7157,36.87146666666667
158,6,29621.77733333333,0.9553551851851851,8.036066666666667,8.483333333333333,38.864266666666666
158,8,29829.858,0.9507831481481481,8.859033333333333,7.310966666666666,40.8596
158,10,29996.052,0.9458314814814814,9.750333333333334,6.2056,42.85626666666667
158,12,30115.548,0.9404581481481481,10.717533333333334,5.175133333333333,44.85393333333333
158,14,30182.384,0.9346103703703704,11.770133333333334,4.229266666666667,46.8524
158,16,30190.982,0.9282387037037036,12.917033333333332,3.377066666666667,48.8515
158,18,30135.519333333334,0.9212912962962964,14.167566666666668,2.6279666666666666,50.85113333333334
158,20,30012.678,0.9137398148148148,15.526833333333334,1.9875,52.85086666666667
158,22,29821.767333333333,0.9055779629629629,16.995966666666668,1.4567666666666668,54.85073333333333
160,0,28722.190666666665,0.963505925925926,6.568933333333334,11.749466666666667,34.882666666666665
160,2,29004.51,0.9596201851851851,7.268366666666667,10.4601,36.87146666666667
160,4,29254.231333333333,0.9554294444444446,8.0227,9.221633333333333,38.864266666666666
160,6,29468.532666666666,0.9509131481481481,8.835633333333334,8.039233333333334,40.8596
160,8,29646.031333333332,0.9460627777777778,9.7087,6.915633333333333,42.85626666666667
160,10,29779.766666666666,0.9408170370370371,10.652933333333333,5.8622,44.85393333333333
160,12,29867.228,0.935154074074074,11.672266666666667,4.883066666666667,46.8524
160,14,29903.829333333335,0.9290333333333334,12.774,3.9857,48.8515
160,16,29883.644666666667,0.922402037037037,13.967633333333334,3.1797,50.85113333333334
160,18,29801.330666666665,0.9152137037037036,15.261533333333333,2.473866666666667,52.85086666666667
160,20,29656.362,0.9074635185185186,16.656566666666667,1.8690333333333333,54.85073333333333
162,0,28657.292666666668,0.9596394444444444,7.2649,11.155366666666668,36.87146666666667
162,2,28908.936,0.9554659259259259,8.016133333333334,9.9138,38.864266666666666
162,4,29126.750666666667,0.9509811111111112,8.8234,8.725733333333332,40.8596
162,6,29310.036,0.9461825925925926,9.687133333333334,7.5928,42.85626666666667
162,8,29454.476666666666,0.9410327777777777,10.6141,6.5221,44.85393333333333
162,10,29555.371333333333,0.9354901851851852,11.611766666666666,5.5213,46.8524
162,12,29611.42,0.9295437037037038,12.682133333333333,4.5925666666666665,48.8515
162,14,29617.296,0.9231459259259259,13.833733333333333,3.7445333333333335,50.85113333333334
162,16,29567.47,0.9162487037037037,15.075233333333333,2.9863,52.85086666666667
162,18,29460.094,0.9088353703703703,16.409633333333332,2.3208333333333333,54.85073333333333
164,0,28588.512,0.9554833333333334,8.013,10.5554,38.864266666666666
164,2,28808.124666666667,0.9510146296296297,8.817366666666667,9.364433333333332,40.8596
164,4,28994.675333333333,0.9462453703703703,9.675833333333333,8.226233333333333,42.85626666666667
164,6,29144.324,0.9411422222222222,10.5944,7.147133333333334,44.85393333333333
164,8,29255.118,0.9356883333333333,11.5761,6.130366666666666,46.8524
164,10,29323.525333333335,0.9298525925925927,12.626533333333333,5.1817,48.8515
164,12,29347.484666666667,0.9236168518518519,13.748966666666666,4.3045,50.85113333333334
164,14,29321.528666666665,0.9169335185185186,14.951966666666667,3.5077666666666665,52.85086666666667
164,16,29244.14,0.9097888888888889,16.238,2.7939333333333334,54.85073333333333
166,0,28513.19,0.9510299999999999,8.8146,9.954966666666667,40.8596
166,2,28701.373333333333,0.9462753703703704,9.670433333333333,8.814133333333332,42.85626666666667
166,4,28854.184,0.9412005555555556,10.5839,7.729933333333333,44.85393333333333
166,6,28969.876,0.9357905555555555,11.5577,6.705266666666667,46.8524
166,8,29047.397333333334,0.9300364814814814,12.593433333333333,5.7419,48.8515
166,10,29082.62,0.9239016666666667,13.6977,4.846533333333333,50.85113333333334
166,12,29073.652,0.9173705555555556,14.8733,4.0224,52.85086666666667
166,14,29017.674,0.9104177777777778,16.1248,3.274033333333333,54.85073333333333
168,0,28431.04533333333,0.9462879629629629,9.668166666666666,9.355333333333334,42.85626666666667
168,2,28585.302666666666,0.9412261111111112,10.5793,8.2688,44.85393333333333
168,4,28703.86733333333,0.9358418518518519,11.548466666666666,7.2395,46.8524
168,6,28785.894,0.9301281481481481,12.576933333333333,6.268866666666667,48.8515
168,8,28829.631333333335,0.9240696296296297,13.667466666666666,5.359766666666666,50.85113333333334
168,10,28830.914,0.9176303703703703,14.826533333333334,4.5191,52.85086666666667
168,12,28790.725333333332,0.910819074074074,16.052566666666667,3.7452666666666667,54.85073333333333
170,0,28336.750666666667,0.9412375925925925,10.577233333333334,8.7664,44.85393333333333
170,2,28456.61733333333,0.9358650000000001,11.5443,7.735,46.8524
170,4,28541.248,0.9301746296296296,12.568566666666667,6.760166666666667,48.8515
170,6,28589.118666666665,0.9241531481481482,13.652433333333333,5.8444,50.85113333333334
170,8,28598.275333333335,0.9177844444444444,14.7988,4.991033333333333,52.85086666666667
170,10,28567.655333333332,0.9110588888888889,16.0094,4.201766666666667,54.85073333333333
172,0,28229.450666666668,0.9358742592592593,11.542633333333333,8.189733333333333,46.8524
172,2,28315.218,0.9301940740740741,12.565066666666667,7.213066666666666,48.8515
172,4,28365.465333333334,0.9241938888888888,13.6451,6.293466666666666,50.85113333333334
172,6,28378.404,0.9178590740740741,14.785366666666667,5.434,52.85086666666667
172,8,28355.079333333335,0.911198888888889,15.9842,4.6329666666666665,54.85073333333333
174,0,28108.631333333335,0.9302024074074073,12.563566666666667,7.6266,48.8515
174,2,28159.912,0.9242114814814815,13.641933333333334,6.705333333333333,50.85113333333334
174,4,28175.124,0.917897037037037,14.778533333333334,5.8422,52.85086666666667
174,6,28155.271333333334,0.911267962962963,15.971766666666667,5.035566666666667,54.85073333333333
176,0,27972.742666666665,0.924219074074074,13.640566666666667,7.08,50.85113333333334
176,2,27988.843333333334,0.9179125925925926,14.775733333333333,6.215433333333333,52.85086666666667
176,4,27971.098666666665,0.9113024074074074,15.965566666666666,5.4054,54.85073333333333
178,0,27818.428666666667,0.9179196296296297,14.774466666666667,6.556566666666667,52.85086666666667
178,2,27801.531333333332,0.911317037037037,15.962933333333334,5.745166666666667,54.85073333333333
180,0,27647.562666666665,0.9113238888888888,15.9617,6.0534,54.85073333333333
